Drug Name,Manufacturer,Dosage Form,Strength,Package Size,Units Sold,Revenue,Sale Date,Region,Sales Representative,Customer Type
Drug B,Company W,Tablet,100 mg/ml,50 g,1500,$43833,2024-02-07,South America,Susan Hernandez,Clinics
Drug B,Company X,Cream,500 mg,100 ml,1194,$48717,2023-08-08,South America,Jackie Wagner,Clinics
Drug E,Company X,Capsule,50 mg,60,618,$8744,2024-06-15,Africa,Mariah Mccoy,Hospitals
Drug E,Company X,Injection,10 mg,100 ml,1455,$25321,2024-07-15,Asia,Courtney Doyle,Pharmacy
Drug C,Company V,Tablet,100 mg/ml,50 g,130,$13669,2023-08-13,South America,Dawn Torres,Clinics
Drug B,Company V,Capsule,100 mg/ml,10 ml,619,$7552,2023-12-05,Europe,Jessica Faulkner,Hospitals
Drug C,Company X,Cream,500 mg,30,1779,$48563,2023-08-08,North America,Alicia Howard,Hospitals
Drug B,Company X,Tablet,500 mg,10 ml,1727,$13672,2023-12-30,Asia,David Hill,Online Pharmacy
Drug A,Company V,Capsule,500 mg,50 g,451,$45835,2023-11-14,Asia,Matthew Johnson,Supermarkets
Drug C,Company X,Cream,10 mg,10 ml,1006,$31716,2024-05-23,Asia,Kimberly Murphy,Supermarkets
Drug C,Company Y,Capsule,50 mg,100 ml,1633,$33931,2024-05-18,Europe,Tyler Brown,Pharmacy
Drug A,Company Z,Cream,50 mg,30,128,$35258,2023-11-08,North America,Sheila Coleman,Online Pharmacy
Drug C,Company V,Injection,500 mg,10 ml,504,$36459,2023-08-19,Europe,Douglas Rodriguez,Pharmacy
Drug E,Company V,Cream,500 mg,100 ml,216,$32152,2024-07-08,Europe,Brandi King,Pharmacy
Drug E,Company V,Injection,10 mg,10 ml,1986,$13538,2023-12-03,Europe,Susan Brewer,Pharmacy
Drug A,Company W,Cream,50 mg,30,1977,$9566,2024-07-13,Africa,Latoya Wright,Online Pharmacy
Drug A,Company V,Tablet,100 mg/ml,50 g,1320,$29932,2023-08-22,North America,Richard Edwards,Clinics
Drug E,Company W,Cream,10 mg,30,1766,$45608,2024-02-27,South America,Mr. Michael Taylor,Pharmacy
Drug B,Company X,Syrup,100 mg/ml,60,1078,$42394,2024-01-12,South America,Angela Castro,Online Pharmacy
Drug C,Company X,Injection,500 mg,60,783,$48016,2024-01-24,Asia,Christie Brown,Clinics
Drug E,Company X,Capsule,100 mg/ml,60,1161,$11048,2024-01-08,Europe,Annette Fisher,Clinics
Drug A,Company X,Capsule,50 mg,50 g,1820,$16952,2024-03-15,Africa,Katelyn Smith,Hospitals
Drug D,Company V,Tablet,50 mg,60,147,$28543,2024-05-25,Africa,Crystal Lawrence,Hospitals
Drug B,Company Z,Capsule,250 mg,60,990,$5766,2023-09-03,North America,Katherine Sexton,Online Pharmacy
Drug B,Company Z,Injection,500 mg,60,223,$23153,2024-03-20,Asia,Felicia Jones,Online Pharmacy
Drug D,Company Z,Syrup,250 mg,50 g,855,$22920,2024-01-22,South America,Lisa Johnson,Supermarkets
Drug C,Company X,Cream,50 mg,100 ml,968,$6595,2023-12-04,Africa,Amber Hill,Hospitals
Drug B,Company W,Cream,10 mg,10 ml,1378,$37523,2023-12-11,South America,Rebecca Lawrence,Online Pharmacy
Drug B,Company Z,Tablet,500 mg,100 ml,1473,$23815,2024-07-22,South America,John Smith,Supermarkets
Drug C,Company X,Capsule,250 mg,100 ml,791,$40754,2024-05-05,Africa,Scott Jones,Hospitals
Drug C,Company V,Tablet,10 mg,50 g,1523,$35645,2023-10-12,South America,Cynthia Cook,Clinics
Drug E,Company W,Cream,250 mg,50 g,1214,$1820,2024-03-08,South America,Randy Dunn,Online Pharmacy
Drug C,Company V,Injection,250 mg,60,440,$13578,2024-06-27,Asia,Michael Cisneros,Hospitals
Drug D,Company Y,Syrup,10 mg,60,1574,$47682,2024-04-14,Africa,Crystal Keller,Supermarkets
Drug A,Company W,Cream,250 mg,50 g,1880,$41604,2024-01-04,North America,Christina Lopez,Pharmacy
Drug E,Company Z,Tablet,100 mg/ml,10 ml,383,$21024,2024-01-07,South America,Christopher Taylor,Hospitals
Drug E,Company Y,Injection,10 mg,10 ml,253,$18363,2024-06-16,South America,Lisa Alvarado,Online Pharmacy
Drug C,Company Y,Syrup,100 mg/ml,30,1818,$2347,2024-01-29,Africa,Kerry Oneill,Online Pharmacy
Drug E,Company Z,Tablet,250 mg,50 g,1351,$41781,2023-10-02,Asia,Stephanie Collins,Clinics
Drug B,Company Y,Syrup,50 mg,10 ml,1904,$34028,2023-09-06,Africa,Brian Williams,Hospitals
Drug B,Company W,Injection,100 mg/ml,10 ml,1954,$6369,2023-09-12,Africa,Laura Vance,Supermarkets
Drug A,Company V,Capsule,100 mg/ml,60,1042,$18788,2023-10-30,Europe,Sierra Edwards,Clinics
Drug D,Company V,Cream,250 mg,10 ml,1564,$22868,2023-09-21,South America,Lisa Hunter,Supermarkets
Drug C,Company Y,Syrup,100 mg/ml,100 ml,1741,$16211,2024-04-08,Africa,Jeffrey Lane,Clinics
Drug C,Company V,Syrup,250 mg,50 g,565,$32496,2023-11-07,South America,Terri Floyd,Supermarkets
Drug C,Company V,Capsule,500 mg,50 g,293,$40588,2024-05-21,North America,Patrick Valenzuela,Supermarkets
Drug E,Company Y,Capsule,500 mg,10 ml,1032,$23173,2024-02-04,Africa,Todd Roberts,Supermarkets
Drug A,Company Z,Capsule,250 mg,10 ml,1315,$3801,2023-12-27,South America,Jessica Donovan,Clinics
Drug B,Company X,Syrup,100 mg/ml,60,1499,$18175,2023-08-21,Europe,Sean Smith,Pharmacy
Drug B,Company Z,Capsule,250 mg,50 g,1427,$1053,2024-07-25,Europe,Laura Brown,Clinics
Drug A,Company V,Syrup,500 mg,60,1044,$29042,2023-11-12,North America,Dr. Michael Ortiz,Hospitals
Drug B,Company W,Cream,10 mg,60,257,$28677,2023-12-08,Africa,Paul Valdez,Online Pharmacy
Drug A,Company V,Capsule,50 mg,30,1768,$40547,2023-12-03,Africa,Cassandra Diaz,Hospitals
Drug B,Company X,Syrup,250 mg,50 g,654,$16542,2023-11-13,Asia,Matthew Richards,Hospitals
Drug C,Company Z,Tablet,100 mg/ml,60,1137,$33706,2024-07-17,North America,Travis Gonzalez,Hospitals
Drug E,Company X,Capsule,10 mg,30,739,$38821,2023-12-08,South America,Sandra Murray,Pharmacy
Drug A,Company X,Capsule,10 mg,100 ml,1610,$5779,2023-09-29,North America,Tammy Harper,Pharmacy
Drug D,Company V,Syrup,500 mg,60,1703,$7678,2024-02-02,Africa,Dwayne Johnson,Hospitals
Drug B,Company Y,Cream,250 mg,60,1639,$15878,2023-09-15,Europe,Mary Dorsey,Pharmacy
Drug B,Company W,Capsule,10 mg,100 ml,1219,$48415,2024-03-28,South America,Brian Beasley,Supermarkets
Drug A,Company X,Syrup,50 mg,100 ml,871,$41051,2024-01-01,Asia,Russell Wong,Hospitals
Drug C,Company W,Cream,250 mg,50 g,995,$17900,2024-02-08,South America,Jason Levy,Online Pharmacy
Drug B,Company X,Injection,250 mg,30,1446,$37654,2023-11-30,Africa,Lindsey Shepherd,Hospitals
Drug B,Company X,Tablet,10 mg,60,1269,$22319,2023-11-20,North America,Matthew Nolan,Online Pharmacy
Drug A,Company W,Syrup,50 mg,10 ml,1232,$19247,2024-03-26,Europe,Stephen Schroeder,Hospitals
Drug A,Company X,Tablet,50 mg,30,814,$25411,2023-12-23,South America,Jennifer Taylor,Online Pharmacy
Drug B,Company V,Syrup,10 mg,100 ml,157,$3809,2024-04-23,South America,John Ewing,Supermarkets
Drug A,Company Y,Syrup,10 mg,30,272,$39524,2024-07-09,South America,Kimberly Blackburn,Pharmacy
Drug B,Company W,Cream,500 mg,50 g,1222,$19740,2023-11-18,South America,Michael Jones,Pharmacy
Drug D,Company X,Capsule,250 mg,10 ml,151,$18797,2024-02-10,Europe,Jacob Salinas,Hospitals
Drug D,Company V,Capsule,500 mg,10 ml,798,$23785,2024-07-03,South America,Brianna Alexander,Online Pharmacy
Drug A,Company W,Injection,50 mg,10 ml,310,$31204,2023-08-19,South America,Patricia Gonzales,Online Pharmacy
Drug B,Company X,Tablet,50 mg,10 ml,1280,$45096,2024-06-19,Europe,Caitlyn Juarez,Online Pharmacy
Drug C,Company V,Syrup,100 mg/ml,50 g,1776,$30640,2024-06-14,Europe,Willie Horn,Pharmacy
Drug E,Company Y,Cream,500 mg,30,784,$25665,2024-05-05,South America,Tracy Bond,Hospitals
Drug A,Company Y,Injection,250 mg,60,1936,$40605,2023-11-29,Africa,Mark Martin,Online Pharmacy
Drug D,Company V,Cream,10 mg,50 g,1675,$29315,2023-11-07,Africa,William Wolf MD,Pharmacy
Drug E,Company X,Capsule,500 mg,100 ml,906,$10256,2023-08-21,South America,Kelsey Phillips,Online Pharmacy
Drug C,Company X,Cream,10 mg,60,873,$44797,2023-09-23,North America,Corey Weaver,Hospitals
Drug C,Company V,Cream,250 mg,30,1227,$37132,2024-05-09,South America,Brendan Garza,Pharmacy
Drug C,Company Y,Capsule,500 mg,30,1921,$8234,2023-07-29,South America,Jeanette Vasquez,Pharmacy
Drug A,Company Z,Syrup,500 mg,10 ml,1907,$11906,2024-04-05,Asia,Jeffrey Rivera,Online Pharmacy
Drug D,Company Y,Cream,10 mg,60,1766,$36835,2024-03-17,Africa,Brandy Henderson,Pharmacy
Drug A,Company X,Syrup,250 mg,60,793,$45468,2023-11-26,Africa,Robert Jones,Hospitals
Drug A,Company W,Cream,50 mg,100 ml,1738,$22945,2024-02-21,South America,Jason Caldwell,Supermarkets
Drug C,Company Z,Tablet,250 mg,100 ml,1088,$46398,2024-07-08,South America,Cynthia Thomas,Online Pharmacy
Drug C,Company W,Injection,250 mg,100 ml,643,$1303,2024-06-09,Africa,Alicia Lambert,Hospitals
Drug D,Company X,Syrup,250 mg,10 ml,1498,$33259,2024-07-27,South America,Michelle Abbott,Hospitals
Drug E,Company V,Injection,250 mg,30,1558,$8553,2023-12-15,Asia,Robin Roth,Hospitals
Drug D,Company Y,Capsule,50 mg,30,1423,$28304,2023-12-27,Asia,Emily Mills,Online Pharmacy
Drug D,Company V,Capsule,100 mg/ml,10 ml,1777,$33795,2024-02-11,South America,Michael Roberson,Pharmacy
Drug E,Company V,Tablet,250 mg,100 ml,1908,$34115,2023-11-03,Asia,Heather Adams,Clinics
Drug C,Company X,Capsule,10 mg,100 ml,1291,$30051,2024-01-07,Europe,Anna Ford,Pharmacy
Drug A,Company V,Tablet,50 mg,10 ml,1702,$29950,2023-08-13,South America,Brian Greer,Pharmacy
Drug E,Company Z,Injection,500 mg,60,1367,$30714,2024-04-13,Africa,Joshua Gomez,Pharmacy
Drug D,Company V,Tablet,100 mg/ml,30,1583,$45689,2023-08-27,Asia,Michael Orr,Supermarkets
Drug E,Company V,Capsule,500 mg,100 ml,848,$35016,2024-03-15,South America,Elizabeth Powell,Supermarkets
Drug B,Company Y,Syrup,10 mg,100 ml,1886,$11515,2024-06-10,North America,Steven Decker,Supermarkets
Drug D,Company V,Tablet,250 mg,50 g,1391,$49897,2023-09-17,South America,Lisa Friedman,Supermarkets
Drug C,Company Z,Injection,250 mg,60,536,$12572,2023-10-07,Africa,Jeremy Brandt,Online Pharmacy
Drug B,Company Z,Injection,500 mg,60,1999,$40809,2024-03-16,South America,Cheryl Campbell,Pharmacy
Drug D,Company Z,Tablet,250 mg,10 ml,1192,$39757,2024-07-20,Africa,Emily Turner,Clinics
Drug D,Company W,Cream,250 mg,50 g,846,$2237,2023-10-06,North America,Cheryl Morris,Pharmacy
Drug A,Company X,Injection,500 mg,10 ml,731,$35093,2023-10-23,Africa,Richard Mendoza,Pharmacy
Drug A,Company W,Tablet,100 mg/ml,30,1943,$44592,2024-05-19,Asia,Isabel Whitaker,Pharmacy
Drug A,Company Y,Capsule,100 mg/ml,60,1017,$29700,2023-10-18,Asia,Darryl Nicholson,Hospitals
Drug A,Company X,Cream,500 mg,10 ml,929,$37018,2024-07-23,North America,Patricia Mclean,Clinics
Drug D,Company Z,Capsule,10 mg,60,811,$44885,2023-11-20,South America,Raymond Scott,Online Pharmacy
Drug E,Company Y,Syrup,500 mg,60,820,$14086,2024-01-31,Africa,Cindy Diaz,Online Pharmacy
Drug A,Company X,Syrup,100 mg/ml,60,698,$27380,2024-07-26,Africa,Timothy Bradley,Online Pharmacy
Drug C,Company Y,Capsule,250 mg,10 ml,679,$35477,2024-07-02,South America,Chad Lewis,Supermarkets
Drug C,Company V,Capsule,10 mg,50 g,1225,$47265,2023-12-24,South America,Ashley White,Pharmacy
Drug B,Company W,Syrup,250 mg,60,1913,$37244,2023-12-06,Africa,Emily Scott,Hospitals
Drug B,Company W,Tablet,100 mg/ml,10 ml,1381,$43046,2024-07-28,Europe,Kelly Berry,Online Pharmacy
Drug A,Company W,Injection,100 mg/ml,50 g,939,$37589,2023-12-02,Asia,Michael Miller,Supermarkets
Drug B,Company Z,Injection,10 mg,10 ml,472,$7516,2024-02-06,South America,Brian Coleman,Online Pharmacy
Drug C,Company Y,Syrup,100 mg/ml,100 ml,405,$19413,2024-03-05,Asia,James Sexton,Online Pharmacy
Drug E,Company Z,Cream,50 mg,10 ml,383,$9225,2023-10-21,North America,Mitchell Butler,Online Pharmacy
Drug C,Company Z,Syrup,100 mg/ml,10 ml,1863,$35677,2024-03-11,South America,Jeremy Mcdaniel,Hospitals
Drug E,Company V,Syrup,10 mg,100 ml,469,$9657,2024-07-15,South America,Heidi Joseph,Clinics
Drug A,Company Y,Injection,50 mg,50 g,1296,$14169,2024-02-22,Europe,Caitlyn Smith,Hospitals
Drug D,Company V,Tablet,250 mg,60,1350,$24407,2024-05-13,South America,Robert Brown,Hospitals
Drug B,Company V,Tablet,10 mg,50 g,930,$3721,2024-02-11,Europe,Catherine Porter,Online Pharmacy
Drug C,Company V,Capsule,10 mg,10 ml,1185,$43131,2024-03-03,Asia,Angela Pierce,Clinics
Drug E,Company V,Capsule,50 mg,60,179,$37526,2023-10-20,South America,Jason Taylor,Supermarkets
Drug B,Company Y,Injection,10 mg,30,1859,$27781,2024-01-09,South America,Stephen Rodriguez,Pharmacy
Drug D,Company V,Capsule,50 mg,60,1089,$6993,2023-09-16,Africa,Lisa Gross,Online Pharmacy
Drug A,Company Y,Tablet,10 mg,10 ml,1428,$38657,2023-10-09,Africa,Wyatt Norris,Online Pharmacy
Drug A,Company X,Syrup,500 mg,10 ml,431,$42644,2024-02-11,Africa,Victoria Maldonado,Supermarkets
Drug B,Company Z,Capsule,50 mg,50 g,1670,$44138,2024-03-10,Africa,Stacey Jordan,Hospitals
Drug D,Company Y,Tablet,100 mg/ml,100 ml,206,$5211,2024-05-05,North America,Isabella Alvarado,Hospitals
Drug A,Company X,Cream,100 mg/ml,100 ml,1499,$42504,2023-11-02,South America,Anna Griffin,Pharmacy
Drug B,Company X,Cream,500 mg,60,1503,$24284,2024-06-14,North America,Jason Sanders,Online Pharmacy
Drug A,Company Z,Syrup,250 mg,60,1473,$49653,2023-09-23,North America,Kevin Sanford,Online Pharmacy
Drug D,Company V,Capsule,100 mg/ml,10 ml,1294,$14645,2024-06-15,South America,Corey Miller,Pharmacy
Drug E,Company Y,Syrup,500 mg,100 ml,1337,$21269,2024-01-13,Europe,Ronald Caldwell,Clinics
Drug B,Company X,Tablet,100 mg/ml,50 g,580,$15529,2024-07-18,South America,Andre Castillo,Hospitals
Drug D,Company V,Tablet,500 mg,60,1872,$30435,2023-08-12,Africa,Jessica Nelson,Pharmacy
Drug A,Company W,Capsule,500 mg,10 ml,532,$28042,2023-08-05,South America,Darin Smith,Clinics
Drug A,Company Z,Tablet,100 mg/ml,100 ml,181,$32650,2024-05-18,North America,Carmen Bailey,Supermarkets
Drug B,Company V,Capsule,500 mg,10 ml,422,$32388,2023-12-02,Europe,Kristopher Martinez,Online Pharmacy
Drug D,Company V,Cream,500 mg,100 ml,892,$9396,2023-12-14,South America,Joseph Brewer,Clinics
Drug A,Company X,Cream,250 mg,30,1964,$11786,2024-05-21,Asia,Michael Guzman,Supermarkets
Drug C,Company Z,Tablet,250 mg,30,1698,$19170,2023-07-29,Europe,Theresa Hansen,Pharmacy
Drug B,Company X,Cream,500 mg,60,1222,$28574,2023-12-19,North America,Daniel Murillo,Clinics
Drug B,Company V,Syrup,50 mg,10 ml,604,$38185,2024-03-10,South America,Jake Cook,Supermarkets
Drug E,Company Z,Cream,250 mg,50 g,1811,$42397,2023-08-08,Asia,Gary Grant,Online Pharmacy
Drug C,Company Y,Injection,250 mg,60,560,$42407,2024-05-14,Europe,Don Brown,Pharmacy
Drug C,Company X,Tablet,250 mg,10 ml,862,$49311,2024-03-25,Europe,Shelby Johnson,Online Pharmacy
Drug E,Company Z,Tablet,500 mg,50 g,1017,$21123,2024-03-14,Africa,Virginia Phillips,Clinics
Drug C,Company W,Cream,250 mg,30,1468,$32204,2024-03-27,South America,Melissa Kennedy,Online Pharmacy
Drug E,Company W,Syrup,10 mg,30,1647,$21201,2024-02-08,North America,Patricia Norris,Clinics
Drug A,Company V,Tablet,250 mg,30,254,$43256,2023-08-31,Africa,Taylor Barnes,Pharmacy
Drug D,Company Z,Syrup,50 mg,10 ml,1661,$8678,2024-04-06,Africa,Christina Montoya,Clinics
Drug B,Company Y,Syrup,10 mg,100 ml,1446,$49381,2024-03-16,Asia,Brittney Gonzales,Supermarkets
Drug D,Company V,Syrup,10 mg,100 ml,936,$48645,2023-07-29,Asia,Stephanie Williams,Supermarkets
Drug B,Company W,Injection,500 mg,30,1623,$21818,2024-05-14,South America,Hayden Rodriguez,Pharmacy
Drug A,Company V,Cream,50 mg,30,1318,$7513,2024-07-03,South America,Susan Mccoy,Supermarkets
Drug C,Company V,Injection,100 mg/ml,30,123,$4294,2024-01-09,Asia,Keith Payne,Hospitals
Drug D,Company Y,Tablet,50 mg,30,1466,$24941,2024-07-22,Africa,John Lindsey,Supermarkets
Drug D,Company Z,Cream,50 mg,60,390,$46339,2023-08-10,Africa,Hannah Long,Clinics
Drug C,Company V,Syrup,250 mg,50 g,1586,$9800,2024-05-13,Asia,Kevin Gates,Supermarkets
Drug D,Company Y,Syrup,500 mg,10 ml,739,$48204,2024-02-06,North America,Ricky Garner,Pharmacy
Drug C,Company Y,Capsule,10 mg,10 ml,1267,$19752,2024-04-18,Europe,Elizabeth Lopez,Online Pharmacy
Drug C,Company V,Tablet,250 mg,30,1834,$37074,2024-07-12,Asia,Gary Valencia,Online Pharmacy
Drug A,Company Y,Cream,250 mg,10 ml,667,$7794,2024-04-02,Africa,Emily Brown,Hospitals
Drug D,Company Z,Injection,10 mg,60,1360,$33904,2023-08-30,Africa,Richard Stewart,Pharmacy
Drug E,Company X,Tablet,50 mg,60,1124,$15758,2023-11-01,North America,Aaron Cline,Pharmacy
Drug E,Company W,Tablet,250 mg,60,236,$46906,2023-08-26,Europe,Joshua Phillips,Hospitals
Drug C,Company X,Tablet,50 mg,60,1134,$13081,2024-03-17,Africa,Tammy Wolfe,Clinics
Drug C,Company Z,Injection,250 mg,100 ml,1262,$23680,2023-08-05,Africa,Catherine Henry,Supermarkets
Drug B,Company Z,Capsule,100 mg/ml,10 ml,153,$19965,2023-10-10,North America,Tiffany Lane,Pharmacy
Drug A,Company W,Injection,500 mg,50 g,1159,$49694,2024-04-29,South America,Jodi Lowe,Supermarkets
Drug E,Company Z,Injection,500 mg,30,575,$42355,2023-08-18,South America,James Elliott,Pharmacy
Drug A,Company X,Capsule,250 mg,60,189,$45637,2023-08-04,Africa,Cody Williams,Pharmacy
Drug E,Company W,Capsule,250 mg,60,1132,$46407,2024-01-12,Europe,Brian Sanchez,Clinics
Drug C,Company X,Injection,100 mg/ml,100 ml,411,$37320,2024-05-19,North America,Teresa Taylor,Clinics
Drug D,Company Z,Syrup,50 mg,100 ml,165,$26575,2023-12-13,South America,Dana Sharp,Pharmacy
Drug A,Company Y,Injection,100 mg/ml,100 ml,1178,$33005,2023-09-15,Europe,Kevin Boyle,Supermarkets
Drug C,Company Y,Tablet,100 mg/ml,100 ml,526,$43392,2024-01-10,Africa,Dennis Wilson,Supermarkets
Drug D,Company Y,Syrup,250 mg,100 ml,1084,$34603,2023-11-20,South America,Darrell Parsons,Pharmacy
Drug D,Company Y,Capsule,50 mg,50 g,574,$27787,2023-09-26,North America,Charles Roberson,Pharmacy
Drug A,Company Y,Tablet,100 mg/ml,100 ml,1915,$41152,2023-11-18,North America,Jodi Reed,Online Pharmacy
Drug E,Company V,Cream,50 mg,100 ml,686,$47207,2024-05-08,South America,Lisa Williams,Hospitals
Drug C,Company V,Injection,100 mg/ml,10 ml,489,$31891,2024-07-08,South America,Meagan Braun,Supermarkets
Drug A,Company Y,Syrup,500 mg,60,1995,$25257,2023-11-23,South America,Michael Gibson,Pharmacy
Drug E,Company X,Syrup,500 mg,100 ml,1454,$28319,2024-04-26,Asia,Mark Rivas,Clinics
Drug C,Company W,Tablet,10 mg,10 ml,221,$20149,2023-09-16,Europe,Paul Sullivan,Pharmacy
Drug B,Company W,Tablet,100 mg/ml,100 ml,449,$20979,2024-01-12,Europe,Mr. Kevin Larson,Pharmacy
Drug B,Company Z,Injection,500 mg,60,1180,$24090,2024-03-06,South America,George White,Supermarkets
Drug A,Company W,Tablet,50 mg,30,898,$10545,2023-08-21,Asia,John Davis,Pharmacy
Drug A,Company W,Cream,10 mg,60,967,$37020,2024-05-10,Asia,Kevin Clark,Supermarkets
Drug A,Company W,Injection,50 mg,60,909,$12714,2024-02-18,Africa,John Orozco,Online Pharmacy
Drug A,Company Z,Capsule,100 mg/ml,100 ml,654,$8859,2023-12-01,Asia,Danielle Thomas,Hospitals
Drug C,Company V,Injection,500 mg,30,883,$14721,2023-09-24,South America,Yolanda Sims,Clinics
Drug B,Company W,Cream,100 mg/ml,100 ml,565,$4821,2024-01-30,Europe,John Allen,Clinics
Drug B,Company V,Capsule,250 mg,50 g,933,$26268,2024-05-07,North America,Larry Dunn,Hospitals
Drug C,Company W,Injection,100 mg/ml,10 ml,1793,$12451,2024-06-24,Africa,Robert Clark,Online Pharmacy
Drug E,Company V,Syrup,500 mg,100 ml,697,$19171,2024-02-25,Asia,Pamela Benson,Pharmacy
Drug D,Company V,Cream,250 mg,30,379,$45953,2023-11-01,Asia,Emily Wright,Supermarkets
Drug D,Company Y,Injection,10 mg,60,1640,$18487,2023-10-05,South America,Robert Johnson,Clinics
Drug C,Company X,Syrup,500 mg,10 ml,244,$29056,2024-01-07,Asia,Phillip Turner,Supermarkets
Drug C,Company Z,Tablet,10 mg,60,482,$4566,2023-09-30,Asia,Antonio Murphy,Online Pharmacy
Drug B,Company Y,Injection,500 mg,60,982,$5040,2023-12-30,Asia,Erin Cline,Hospitals
Drug D,Company X,Tablet,100 mg/ml,100 ml,401,$33003,2023-11-10,Asia,Jessica Morris,Hospitals
Drug C,Company X,Capsule,100 mg/ml,60,1315,$13838,2024-02-07,South America,Stephen Smith,Clinics
Drug B,Company W,Capsule,500 mg,10 ml,1986,$21856,2024-01-15,South America,Kayla Meyer,Pharmacy
Drug A,Company W,Cream,10 mg,100 ml,626,$41156,2023-11-23,North America,Cynthia Phillips,Pharmacy
Drug D,Company V,Tablet,50 mg,30,817,$41978,2023-10-24,Europe,James Smith,Clinics
Drug A,Company W,Syrup,50 mg,10 ml,1540,$46616,2024-05-12,Europe,Jacob Spencer,Clinics
Drug B,Company Y,Cream,50 mg,60,1352,$9133,2024-01-11,Africa,Joseph Marks,Supermarkets
Drug C,Company X,Injection,100 mg/ml,10 ml,428,$26054,2023-09-10,Asia,James Campbell,Pharmacy
Drug D,Company Z,Injection,250 mg,60,1934,$41356,2024-04-21,South America,Kristina Simpson,Hospitals
Drug C,Company Z,Capsule,10 mg,50 g,1826,$2719,2024-01-06,South America,Cody Robbins,Supermarkets
Drug E,Company Z,Tablet,50 mg,10 ml,594,$11887,2023-08-28,Africa,Karen Buchanan,Online Pharmacy
Drug D,Company W,Injection,250 mg,50 g,105,$36153,2024-07-26,Europe,James Haley,Pharmacy
Drug C,Company W,Tablet,250 mg,50 g,1169,$21685,2023-11-22,South America,Sarah Hammond,Clinics
Drug A,Company Z,Tablet,500 mg,30,1463,$49601,2023-10-01,Africa,Rebecca Jackson,Supermarkets
Drug C,Company W,Tablet,250 mg,50 g,1091,$15021,2024-06-15,North America,Angela Nunez,Hospitals
Drug C,Company Z,Injection,50 mg,10 ml,230,$15353,2024-05-02,Asia,Richard Gutierrez,Supermarkets
Drug E,Company X,Cream,500 mg,30,1603,$46470,2023-12-14,Africa,Barbara Kim,Supermarkets
Drug C,Company Y,Capsule,100 mg/ml,60,522,$32783,2024-07-27,Africa,Elizabeth Mcdaniel,Supermarkets
Drug A,Company W,Cream,50 mg,100 ml,302,$9722,2024-03-11,Europe,Jamie Fischer,Online Pharmacy
Drug E,Company V,Tablet,250 mg,10 ml,664,$32835,2023-12-16,North America,Andre Bauer,Pharmacy
Drug B,Company V,Tablet,500 mg,60,1701,$36720,2024-01-17,Asia,Robert Graham,Supermarkets
Drug B,Company W,Capsule,500 mg,30,1048,$1486,2023-12-25,Africa,Elizabeth Adams,Supermarkets
Drug D,Company Y,Tablet,250 mg,10 ml,1570,$17354,2023-08-09,Africa,Richard Lawson,Hospitals
Drug D,Company X,Tablet,500 mg,30,109,$17302,2023-07-30,Africa,Christopher Fischer,Supermarkets
Drug D,Company Z,Capsule,100 mg/ml,10 ml,141,$19153,2023-10-28,Europe,Jasmine Day,Supermarkets
Drug B,Company X,Cream,10 mg,60,1239,$36616,2024-01-06,Africa,Lisa Cordova,Clinics
Drug D,Company X,Tablet,50 mg,60,1499,$4766,2024-06-13,Africa,Alejandro Bishop,Online Pharmacy
Drug D,Company X,Tablet,10 mg,60,1869,$25748,2023-11-05,South America,David Anderson,Online Pharmacy
Drug C,Company W,Syrup,100 mg/ml,30,1355,$27880,2024-03-07,South America,Sara Chapman,Clinics
Drug C,Company V,Capsule,100 mg/ml,30,1173,$8649,2024-01-09,South America,Kevin Wilson,Online Pharmacy
Drug D,Company Z,Syrup,10 mg,60,828,$30214,2024-06-25,North America,Edward Silva,Pharmacy
Drug C,Company W,Syrup,100 mg/ml,30,453,$10749,2023-11-25,Europe,Erika Robinson,Supermarkets
Drug C,Company Y,Injection,250 mg,50 g,132,$17487,2023-12-28,Asia,Lauren Baker,Supermarkets
Drug A,Company W,Cream,100 mg/ml,100 ml,620,$32593,2023-11-01,Asia,Christopher Wilson,Hospitals
Drug E,Company X,Tablet,10 mg,50 g,1423,$21911,2024-04-06,Africa,Steven Bray,Hospitals
Drug B,Company Z,Cream,500 mg,50 g,1308,$16623,2024-07-26,South America,Sharon Carter,Clinics
Drug E,Company Y,Injection,500 mg,60,460,$29993,2024-03-16,Africa,Gregg Yu,Pharmacy
Drug B,Company Z,Injection,50 mg,10 ml,1598,$43114,2024-01-20,North America,Bradley Pennington,Online Pharmacy
Drug E,Company W,Tablet,100 mg/ml,50 g,978,$46578,2023-11-30,Europe,Angelica Hensley,Hospitals
Drug B,Company Z,Tablet,50 mg,100 ml,1484,$15499,2024-05-27,North America,Benjamin Holloway,Pharmacy
Drug A,Company V,Cream,500 mg,100 ml,1807,$37740,2023-09-11,South America,Michael Williams,Clinics
Drug D,Company Z,Tablet,100 mg/ml,50 g,1197,$36217,2024-02-28,South America,William Ford,Online Pharmacy
Drug A,Company X,Injection,100 mg/ml,30,1169,$33004,2024-06-11,South America,Miss Elizabeth Evans,Online Pharmacy
Drug C,Company X,Syrup,10 mg,10 ml,1713,$30761,2023-09-03,North America,James Mccarty,Online Pharmacy
Drug D,Company X,Injection,500 mg,100 ml,1245,$32469,2023-11-11,Africa,Adam Cox,Pharmacy
Drug B,Company X,Injection,10 mg,50 g,454,$37133,2024-01-19,Europe,Brandon Cooper,Online Pharmacy
Drug C,Company Y,Cream,10 mg,30,1550,$45767,2023-09-09,North America,Cathy Gonzalez,Online Pharmacy
Drug D,Company V,Syrup,50 mg,100 ml,1488,$19770,2024-07-11,North America,Mrs. Hailey Johnson DDS,Online Pharmacy
Drug B,Company V,Syrup,250 mg,30,1207,$29546,2023-11-08,Europe,Austin Martinez,Pharmacy
Drug E,Company W,Injection,500 mg,30,751,$46620,2024-04-16,Europe,Stephanie Davis,Clinics
Drug A,Company V,Injection,100 mg/ml,60,1388,$44954,2024-01-26,Africa,Erica Bass,Clinics
Drug D,Company X,Tablet,100 mg/ml,100 ml,712,$24140,2023-11-18,Africa,Jonathan Brown,Hospitals
Drug A,Company Y,Tablet,500 mg,100 ml,1428,$1848,2024-02-09,Asia,Zachary Miller,Hospitals
Drug B,Company Y,Injection,250 mg,100 ml,1437,$1329,2024-03-31,South America,Dr. Laura Shaffer,Hospitals
Drug E,Company Z,Syrup,50 mg,60,818,$34522,2024-03-13,Europe,Paul Smith,Clinics
Drug D,Company Y,Tablet,10 mg,30,1094,$34972,2024-05-11,Europe,Stacey Hart,Online Pharmacy
Drug C,Company W,Capsule,50 mg,60,1882,$1492,2023-12-17,South America,Dr. Sara Wilson,Hospitals
Drug D,Company V,Tablet,250 mg,10 ml,1247,$40432,2024-02-15,Europe,Gary Lucas,Hospitals
Drug C,Company Y,Capsule,500 mg,100 ml,1989,$14261,2023-10-25,North America,Jacqueline Greene,Hospitals
Drug A,Company X,Cream,50 mg,100 ml,1725,$26182,2023-11-18,South America,Joseph Ross,Online Pharmacy
Drug E,Company V,Cream,50 mg,50 g,815,$33782,2023-10-05,Asia,John Davila,Pharmacy
Drug D,Company W,Syrup,250 mg,60,135,$40651,2024-04-07,Europe,Jerry Michael,Clinics
Drug A,Company X,Syrup,500 mg,30,1664,$25573,2024-06-23,South America,Christina Blankenship,Online Pharmacy
Drug D,Company V,Syrup,50 mg,50 g,1402,$31956,2023-10-17,Asia,Daniel Bryant,Clinics
Drug B,Company X,Capsule,250 mg,10 ml,153,$30983,2024-01-07,Africa,Maria Moore,Pharmacy
Drug B,Company X,Tablet,250 mg,60,399,$21160,2024-07-04,Europe,Danny Pennington,Hospitals
Drug C,Company X,Cream,100 mg/ml,50 g,314,$43409,2024-02-15,North America,Geoffrey Elliott,Pharmacy
Drug D,Company V,Cream,100 mg/ml,60,504,$46392,2024-04-12,South America,Heather Simmons,Pharmacy
Drug B,Company W,Injection,250 mg,30,214,$10257,2023-11-02,Asia,Mark Mckinney,Hospitals
Drug D,Company V,Capsule,10 mg,100 ml,1738,$17663,2023-11-27,Asia,Amy Dickson,Pharmacy
Drug B,Company V,Injection,100 mg/ml,30,167,$4175,2023-08-15,North America,Bradley Dean,Clinics
Drug A,Company X,Syrup,500 mg,30,1696,$26976,2024-02-01,South America,Dylan Warren,Pharmacy
Drug B,Company X,Cream,10 mg,10 ml,1216,$32615,2023-10-22,South America,Ryan Thompson,Hospitals
Drug C,Company V,Capsule,10 mg,10 ml,599,$1411,2023-12-04,North America,Alicia Flynn,Online Pharmacy
Drug D,Company W,Cream,250 mg,30,609,$25953,2024-02-06,North America,Felicia Wallace,Pharmacy
Drug B,Company V,Syrup,50 mg,10 ml,1199,$4779,2024-06-04,South America,Jeffrey Molina,Clinics
Drug E,Company Z,Syrup,50 mg,50 g,1238,$30313,2024-02-11,South America,Dustin Stephenson,Hospitals
Drug B,Company X,Cream,10 mg,60,354,$11544,2024-06-25,South America,Autumn Francis,Pharmacy
Drug D,Company V,Cream,50 mg,10 ml,489,$48883,2024-01-05,South America,Audrey Pennington,Online Pharmacy
Drug A,Company Z,Tablet,500 mg,10 ml,1042,$34649,2024-07-13,North America,Thomas Chapman,Online Pharmacy
Drug B,Company Z,Capsule,100 mg/ml,60,392,$33170,2024-06-10,Europe,David Johnson,Pharmacy
Drug D,Company Y,Injection,500 mg,100 ml,786,$22000,2024-04-01,Asia,Donna Lucas,Online Pharmacy
Drug A,Company V,Tablet,50 mg,100 ml,1347,$29744,2024-07-19,South America,Michael Robinson,Hospitals
Drug B,Company Y,Syrup,50 mg,60,499,$14526,2024-04-10,North America,Austin Martin,Hospitals
Drug E,Company Y,Capsule,50 mg,60,489,$25559,2023-12-22,South America,Julie Ferguson,Online Pharmacy
Drug E,Company W,Capsule,250 mg,30,963,$24965,2023-10-04,Europe,Justin Coffey,Hospitals
Drug A,Company Y,Cream,250 mg,100 ml,1650,$36514,2024-06-26,Europe,Daniel Kelly,Hospitals
Drug B,Company Z,Capsule,500 mg,100 ml,1826,$46602,2024-07-10,Asia,Leah Miller,Supermarkets
Drug D,Company V,Cream,500 mg,60,608,$28326,2024-05-05,North America,Amy Jackson,Clinics
Drug C,Company Y,Tablet,500 mg,100 ml,297,$20215,2024-06-19,Europe,Brian Dennis,Pharmacy
Drug C,Company Y,Cream,250 mg,60,1095,$23543,2023-09-13,South America,Elizabeth Branch,Clinics
Drug D,Company Z,Tablet,10 mg,30,1585,$34365,2024-03-25,Europe,Rebecca Baker,Hospitals
Drug E,Company W,Injection,500 mg,50 g,749,$13462,2023-08-26,Europe,Ryan Beck,Clinics
Drug B,Company X,Capsule,10 mg,50 g,1666,$32893,2023-09-30,North America,Annette Bartlett,Clinics
Drug A,Company W,Cream,50 mg,60,371,$25596,2024-03-01,Europe,Cameron Garcia,Online Pharmacy
Drug D,Company Y,Syrup,250 mg,100 ml,1663,$20214,2023-12-09,South America,Carlos Sawyer,Hospitals
Drug E,Company Z,Tablet,500 mg,50 g,698,$1522,2023-08-03,North America,Anthony Bell,Hospitals
Drug B,Company Y,Tablet,500 mg,50 g,1595,$16585,2024-07-13,Asia,Adam Brown,Online Pharmacy
Drug E,Company Y,Injection,100 mg/ml,60,1474,$32199,2024-01-09,South America,Phyllis Robertson,Clinics
Drug B,Company V,Cream,250 mg,10 ml,1611,$37594,2024-06-04,North America,Justin Hamilton,Pharmacy
Drug E,Company V,Injection,10 mg,10 ml,1876,$26559,2023-08-28,South America,Lucas Dunn,Online Pharmacy
Drug C,Company Z,Cream,500 mg,60,939,$22379,2024-04-22,Asia,Aaron Douglas,Online Pharmacy
Drug A,Company V,Cream,50 mg,60,1075,$41442,2024-05-11,Europe,Gregory Ross,Hospitals
Drug B,Company Y,Syrup,10 mg,30,868,$41228,2024-06-19,Europe,Corey Wong,Online Pharmacy
Drug E,Company X,Cream,50 mg,10 ml,1135,$42632,2024-03-26,Africa,Bobby Price,Online Pharmacy
Drug E,Company W,Capsule,250 mg,30,1780,$28351,2023-09-28,Asia,Nicole Jones,Supermarkets
Drug D,Company V,Injection,100 mg/ml,10 ml,833,$42915,2024-04-02,Asia,Bonnie Thompson,Clinics
Drug B,Company Z,Syrup,250 mg,10 ml,1134,$26634,2024-03-26,Asia,Dawn Rogers,Hospitals
Drug A,Company Y,Cream,50 mg,100 ml,1706,$21681,2023-08-03,Europe,Robert Kelley,Hospitals
Drug C,Company Z,Cream,250 mg,10 ml,1395,$22835,2024-02-08,Europe,Anna Jordan,Supermarkets
Drug E,Company X,Tablet,10 mg,100 ml,1693,$31240,2024-06-26,South America,Seth Jenkins,Online Pharmacy
Drug E,Company Y,Syrup,10 mg,30,1549,$9455,2024-02-23,Europe,Tiffany Brown,Pharmacy
Drug E,Company X,Cream,10 mg,10 ml,100,$32910,2023-10-29,North America,Michael Ortiz,Hospitals
Drug B,Company V,Cream,50 mg,50 g,826,$24350,2023-11-10,North America,Lauren Brown,Clinics
Drug C,Company W,Cream,500 mg,50 g,1308,$17828,2024-01-13,Asia,Barbara Richard,Supermarkets
Drug B,Company Y,Capsule,500 mg,100 ml,1691,$37249,2023-10-25,North America,Haley Maldonado,Supermarkets
Drug B,Company Z,Syrup,10 mg,10 ml,1028,$7222,2024-04-01,Africa,Timothy Crosby,Supermarkets
Drug D,Company Y,Cream,100 mg/ml,30,1134,$5856,2023-11-03,North America,Robin Benton,Hospitals
Drug A,Company V,Cream,250 mg,50 g,1503,$19148,2024-06-26,Asia,Mr. David Bennett,Pharmacy
Drug A,Company W,Tablet,500 mg,10 ml,1509,$30615,2023-12-09,Europe,Alexander Maynard,Hospitals
Drug D,Company V,Syrup,10 mg,10 ml,578,$33113,2024-02-17,Asia,Julia Stevens,Clinics
Drug C,Company V,Cream,250 mg,10 ml,1195,$42794,2023-09-09,North America,Kimberly Stewart,Online Pharmacy
Drug D,Company Y,Injection,50 mg,60,485,$29314,2024-03-01,North America,Rachel Allen,Pharmacy
Drug E,Company Z,Tablet,100 mg/ml,60,819,$47811,2023-10-03,South America,Tracy Erickson,Supermarkets
Drug C,Company X,Syrup,100 mg/ml,100 ml,1654,$16660,2024-04-04,South America,William Parks,Pharmacy
Drug D,Company W,Capsule,500 mg,60,1957,$32269,2024-04-27,Europe,Paul Morgan,Online Pharmacy
Drug E,Company Z,Cream,50 mg,60,799,$10708,2024-03-24,Europe,Jessica Vincent,Hospitals
Drug C,Company V,Cream,10 mg,100 ml,1532,$5489,2024-04-13,North America,Elizabeth Ray,Clinics
Drug A,Company W,Injection,250 mg,100 ml,1786,$11345,2023-09-12,Africa,James Graham,Hospitals
Drug B,Company Z,Syrup,50 mg,100 ml,1927,$8953,2024-01-02,Asia,Darrell Kelly,Hospitals
Drug D,Company W,Capsule,10 mg,60,1475,$27251,2024-07-24,Africa,Richard Thomas,Online Pharmacy
Drug C,Company X,Capsule,100 mg/ml,10 ml,290,$16582,2024-05-08,Asia,Laura Gregory,Clinics
Drug C,Company X,Tablet,50 mg,60,677,$20916,2024-03-20,Asia,David Castro,Online Pharmacy
Drug B,Company Y,Injection,50 mg,10 ml,1728,$30905,2023-12-13,North America,Jessica Webster,Hospitals
Drug D,Company Y,Capsule,50 mg,10 ml,709,$16636,2023-10-07,North America,Cristina Stevens,Clinics
Drug A,Company Y,Tablet,10 mg,60,1660,$9172,2024-06-29,North America,Lauren Bryant,Supermarkets
Drug C,Company Z,Capsule,500 mg,60,1530,$15055,2023-07-29,Asia,Adam Shelton,Supermarkets
Drug B,Company W,Tablet,500 mg,60,1804,$17065,2023-09-22,Asia,Ashley Pittman,Hospitals
Drug C,Company V,Tablet,10 mg,10 ml,847,$20074,2024-06-08,North America,Miss Amy Perry,Pharmacy
Drug D,Company Z,Injection,10 mg,50 g,1944,$25684,2024-03-27,Asia,Johnny Kim,Pharmacy
Drug B,Company Y,Capsule,500 mg,100 ml,1882,$14779,2024-06-15,Europe,Yvonne Rogers,Pharmacy
Drug C,Company W,Capsule,500 mg,50 g,377,$20905,2024-02-28,Europe,Mr. Kevin Duffy,Hospitals
Drug E,Company W,Injection,100 mg/ml,50 g,1784,$11761,2023-08-26,Asia,Angela Brown,Pharmacy
Drug C,Company X,Injection,50 mg,100 ml,1414,$29966,2024-05-12,Europe,Lauren Gilbert,Clinics
Drug B,Company Z,Syrup,100 mg/ml,60,1782,$32047,2023-12-24,Europe,Michael Solis,Hospitals
Drug B,Company V,Syrup,100 mg/ml,30,221,$40972,2024-06-11,Europe,Andre Skinner,Clinics
Drug C,Company W,Syrup,10 mg,60,1221,$15799,2023-09-12,North America,Jamie Martin,Clinics
Drug C,Company X,Cream,500 mg,60,1461,$28440,2023-08-16,Africa,Allison Alvarado,Supermarkets
Drug D,Company Z,Syrup,100 mg/ml,100 ml,1621,$22584,2023-08-13,Asia,Amy Anderson,Online Pharmacy
Drug A,Company Y,Capsule,50 mg,100 ml,587,$49864,2023-10-13,Africa,Ariel Brown,Supermarkets
Drug B,Company Y,Injection,10 mg,100 ml,902,$15266,2023-10-14,South America,John Newman,Clinics
Drug C,Company Z,Cream,10 mg,10 ml,447,$5128,2023-11-24,Asia,Jon Richardson,Supermarkets
Drug A,Company X,Injection,100 mg/ml,60,646,$39113,2024-07-10,South America,Sarah Burnett,Pharmacy
Drug D,Company V,Tablet,10 mg,100 ml,1135,$12514,2023-08-27,Asia,Jason Bradley,Online Pharmacy
Drug B,Company X,Capsule,250 mg,50 g,1494,$45452,2023-12-16,Africa,Brendan Harrington,Clinics
Drug C,Company X,Tablet,50 mg,50 g,279,$32754,2024-01-14,Africa,Danny Bernard,Hospitals
Drug E,Company V,Syrup,50 mg,50 g,302,$20937,2024-05-28,South America,Timothy Villanueva,Supermarkets
Drug D,Company Z,Injection,10 mg,10 ml,1306,$35777,2024-05-07,Europe,Jonathan Brown,Supermarkets
Drug D,Company W,Capsule,500 mg,50 g,1372,$47220,2023-11-27,North America,Amy Adams,Clinics
Drug C,Company X,Tablet,10 mg,60,873,$28524,2023-10-01,Asia,Lisa Williams,Hospitals
Drug C,Company X,Tablet,10 mg,60,1075,$4900,2023-11-21,Asia,Casey Coleman,Supermarkets
Drug A,Company Y,Cream,500 mg,10 ml,862,$17179,2023-11-12,Europe,Samuel Lopez,Clinics
Drug C,Company W,Syrup,100 mg/ml,10 ml,1872,$42474,2023-08-01,Asia,Joseph Johnson,Pharmacy
Drug E,Company V,Syrup,10 mg,50 g,1041,$45750,2024-06-14,Europe,Mark Reed,Hospitals
Drug C,Company W,Capsule,10 mg,60,149,$40553,2023-11-04,Europe,Maurice Mcintosh,Hospitals
Drug C,Company X,Injection,500 mg,60,996,$6016,2024-06-19,North America,Ryan Cardenas,Pharmacy
Drug B,Company Z,Injection,500 mg,60,1890,$35859,2023-11-10,South America,Rachel Robinson,Clinics
Drug B,Company X,Syrup,10 mg,30,770,$15607,2023-10-17,Africa,Charles Wagner,Supermarkets
Drug E,Company Y,Injection,50 mg,30,727,$3436,2024-02-01,Europe,Donna White,Online Pharmacy
Drug A,Company Z,Tablet,10 mg,100 ml,190,$14001,2024-01-11,Europe,Shane Burke,Supermarkets
Drug D,Company X,Cream,500 mg,10 ml,1248,$33631,2023-12-16,Asia,Daniel Newton,Clinics
Drug D,Company Z,Syrup,50 mg,30,1183,$39477,2024-03-16,North America,Anita Morgan,Clinics
Drug A,Company Z,Tablet,250 mg,60,1394,$13808,2024-04-17,Asia,Sheryl Ramos,Hospitals
Drug E,Company Z,Syrup,500 mg,100 ml,626,$28471,2023-10-05,Europe,Robert Cline,Clinics
Drug B,Company V,Injection,10 mg,60,1394,$3360,2024-06-20,Europe,Katherine Smith,Hospitals
Drug B,Company X,Tablet,250 mg,30,1699,$25685,2023-11-20,South America,Sarah Martin,Hospitals
Drug E,Company W,Cream,250 mg,30,364,$20390,2023-09-13,North America,Maria Sullivan,Hospitals
Drug B,Company X,Injection,100 mg/ml,60,1120,$22277,2023-08-26,South America,Janet Bates,Hospitals
Drug D,Company Y,Cream,50 mg,10 ml,323,$22108,2023-08-26,North America,Jorge Garcia,Online Pharmacy
Drug E,Company X,Capsule,500 mg,30,1394,$45719,2023-09-23,South America,Jacob Bennett,Online Pharmacy
Drug B,Company V,Syrup,250 mg,30,515,$10882,2024-03-28,Europe,Sarah Davila,Online Pharmacy
Drug D,Company Y,Capsule,50 mg,10 ml,1729,$26352,2024-02-20,Europe,Carolyn Rhodes,Supermarkets
Drug E,Company X,Capsule,50 mg,30,1208,$39952,2024-03-10,South America,Erik Silva,Supermarkets
Drug D,Company X,Syrup,10 mg,30,1657,$21133,2024-03-28,Africa,Eric Lee,Clinics
Drug A,Company W,Syrup,500 mg,60,1572,$46966,2023-10-18,North America,David Bell,Pharmacy
Drug A,Company Y,Injection,500 mg,60,901,$37255,2023-10-25,Africa,Raymond Aguirre,Clinics
Drug C,Company X,Injection,100 mg/ml,100 ml,814,$11345,2024-02-08,Asia,Juan Webb,Supermarkets
Drug E,Company X,Injection,50 mg,10 ml,1124,$18402,2023-12-30,South America,Matthew Johnson,Online Pharmacy
Drug B,Company X,Injection,250 mg,100 ml,1609,$12823,2024-06-27,Asia,Daniel Poole,Online Pharmacy
Drug E,Company X,Injection,250 mg,50 g,846,$39016,2024-02-20,South America,Joseph Howard,Clinics
Drug A,Company V,Cream,250 mg,50 g,859,$49397,2023-08-29,Africa,Madison Butler,Online Pharmacy
Drug E,Company V,Tablet,250 mg,10 ml,389,$3098,2024-05-10,Asia,Cameron Hunter,Hospitals
Drug B,Company Z,Injection,500 mg,60,1964,$38375,2023-11-24,South America,James Smith,Clinics
Drug A,Company Y,Injection,100 mg/ml,60,764,$2858,2023-08-25,North America,Brian Dodson,Hospitals
Drug D,Company Y,Syrup,500 mg,30,1326,$20696,2024-06-11,North America,Savannah Brown,Clinics
Drug E,Company Z,Cream,50 mg,50 g,229,$17960,2024-03-12,Asia,John Gates,Clinics
Drug E,Company V,Tablet,50 mg,10 ml,1201,$15965,2024-04-05,South America,Christine Willis,Clinics
Drug B,Company V,Tablet,500 mg,60,498,$17227,2024-03-31,South America,Rebecca Taylor,Clinics
Drug E,Company W,Capsule,500 mg,60,1171,$1301,2023-10-03,Asia,Lauren Johnson,Pharmacy
Drug D,Company Y,Injection,10 mg,30,429,$1770,2024-05-30,Europe,Candace Bowen,Supermarkets
Drug A,Company Z,Capsule,50 mg,60,149,$24712,2024-07-24,Asia,Chase Melendez,Online Pharmacy
Drug B,Company Y,Cream,250 mg,60,832,$41916,2024-04-19,South America,Mr. Austin Park,Online Pharmacy
Drug C,Company X,Syrup,500 mg,50 g,324,$40529,2023-08-16,Africa,Wendy Cowan,Clinics
Drug E,Company Y,Capsule,500 mg,10 ml,244,$34645,2024-04-14,South America,Shelly Ball,Clinics
Drug E,Company Z,Syrup,50 mg,60,298,$26167,2023-11-17,Europe,Nancy Evans,Supermarkets
Drug E,Company X,Syrup,100 mg/ml,30,1148,$49962,2023-12-22,Europe,Cathy Hooper,Clinics
Drug E,Company Z,Syrup,250 mg,60,1090,$1972,2023-12-31,Africa,Amy Garcia,Pharmacy
Drug B,Company V,Injection,100 mg/ml,100 ml,1944,$26394,2024-05-01,Europe,Deborah Lopez,Pharmacy
Drug E,Company Z,Injection,10 mg,30,835,$30738,2024-06-23,Africa,Tiffany Lucas,Supermarkets
Drug A,Company V,Injection,10 mg,100 ml,1156,$38835,2024-04-14,Europe,Karen Garcia,Pharmacy
Drug C,Company Z,Cream,500 mg,60,728,$11807,2024-01-08,Asia,Tracy Wagner,Pharmacy
Drug E,Company Z,Syrup,250 mg,100 ml,1706,$30997,2023-11-08,South America,Kimberly Hudson,Online Pharmacy
Drug B,Company W,Cream,10 mg,60,1281,$18807,2024-07-03,Europe,Walter Maldonado,Clinics
Drug A,Company Z,Capsule,100 mg/ml,30,1507,$30246,2024-05-12,North America,Tyrone Doyle,Pharmacy
Drug C,Company W,Cream,100 mg/ml,10 ml,1337,$1231,2023-09-21,Europe,Sherry Adams,Pharmacy
Drug E,Company Z,Capsule,100 mg/ml,60,483,$10434,2024-04-12,Asia,Brooke Russell,Supermarkets
Drug E,Company X,Injection,250 mg,50 g,1562,$4538,2023-11-27,Europe,Stephanie Boyd,Supermarkets
Drug A,Company Y,Syrup,250 mg,50 g,1893,$10971,2024-01-09,Africa,Thomas Vega,Clinics
Drug B,Company X,Tablet,10 mg,10 ml,368,$16546,2024-03-15,Asia,Maria Lewis,Hospitals
Drug A,Company Z,Cream,50 mg,50 g,1781,$2138,2024-01-30,Europe,Alexis Luna,Hospitals
Drug D,Company X,Injection,250 mg,30,440,$20986,2023-10-20,Asia,Hannah Lynch,Clinics
Drug E,Company Z,Syrup,100 mg/ml,100 ml,214,$43574,2023-10-13,North America,Todd Ortiz,Pharmacy
Drug B,Company W,Tablet,500 mg,30,472,$19038,2024-05-19,North America,Wanda Salazar,Clinics
Drug B,Company W,Tablet,50 mg,30,1484,$29949,2024-04-06,Africa,Margaret Patel,Supermarkets
Drug C,Company X,Tablet,250 mg,100 ml,914,$34019,2023-08-15,North America,Kevin Morrow,Pharmacy
Drug C,Company Y,Capsule,10 mg,100 ml,1423,$36260,2023-11-08,Europe,Todd Lewis,Pharmacy
Drug A,Company Z,Tablet,500 mg,60,1566,$16223,2024-02-02,North America,Michael Hernandez,Supermarkets
Drug C,Company Z,Syrup,10 mg,30,908,$43749,2023-10-22,Africa,Allison Duran,Online Pharmacy
Drug A,Company X,Tablet,250 mg,60,1387,$44173,2024-07-02,North America,Angela Freeman,Pharmacy
Drug C,Company V,Capsule,250 mg,60,755,$34127,2023-11-08,South America,Jessica Andrews,Pharmacy
Drug A,Company V,Capsule,500 mg,100 ml,1434,$43000,2024-01-25,Asia,Jay Tate,Supermarkets
Drug B,Company Z,Syrup,50 mg,10 ml,1286,$1777,2023-11-03,Europe,Keith Davis,Hospitals
Drug D,Company V,Injection,500 mg,60,992,$4119,2024-03-06,Asia,Dennis Simmons,Hospitals
Drug B,Company Z,Injection,100 mg/ml,60,130,$37525,2024-05-03,Asia,Joshua Spencer,Hospitals
Drug C,Company W,Tablet,100 mg/ml,10 ml,1575,$15314,2023-08-03,Europe,Ronnie Becker,Pharmacy
Drug A,Company Y,Tablet,100 mg/ml,30,634,$28930,2023-08-26,North America,Brittany Knight,Online Pharmacy
Drug C,Company W,Cream,250 mg,100 ml,937,$1592,2023-11-25,Africa,Mrs. Tammy Ferguson,Hospitals
Drug A,Company W,Injection,100 mg/ml,60,653,$40612,2023-10-11,South America,Daniel Flores,Clinics
Drug E,Company W,Cream,500 mg,30,924,$12763,2023-12-28,Europe,Jocelyn Adams,Online Pharmacy
Drug A,Company Z,Injection,100 mg/ml,10 ml,1480,$22509,2023-12-18,Africa,Ronald Lopez,Online Pharmacy
Drug B,Company X,Cream,50 mg,30,1069,$20868,2024-04-07,Europe,Sarah Anderson,Supermarkets
Drug B,Company W,Syrup,250 mg,30,1480,$28254,2024-06-13,Asia,Bryan Gonzalez,Supermarkets
Drug E,Company W,Injection,50 mg,100 ml,1744,$47553,2023-08-06,North America,Steven Knox,Supermarkets
Drug E,Company Y,Injection,250 mg,30,343,$15580,2023-09-06,Asia,Anna Shepherd,Clinics
Drug E,Company V,Cream,100 mg/ml,50 g,1448,$36442,2024-06-07,North America,Shawn Delgado DVM,Clinics
Drug A,Company Z,Injection,100 mg/ml,50 g,1484,$24252,2023-08-22,Asia,Debra Nichols,Pharmacy
Drug C,Company Z,Injection,100 mg/ml,50 g,646,$39816,2024-03-21,South America,Leslie Cruz,Supermarkets
Drug B,Company W,Injection,500 mg,100 ml,873,$19598,2024-03-27,South America,Tamara Ryan,Clinics
Drug D,Company Z,Injection,500 mg,10 ml,507,$2658,2023-11-17,Europe,Lisa Wallace,Clinics
Drug E,Company Z,Injection,100 mg/ml,30,1465,$22742,2024-06-19,North America,Judy Alvarado,Clinics
Drug B,Company Z,Tablet,250 mg,50 g,917,$16758,2024-02-27,Europe,William Jones,Hospitals
Drug E,Company W,Cream,500 mg,50 g,450,$4842,2024-04-21,Asia,Timothy Lewis,Pharmacy
Drug D,Company V,Syrup,100 mg/ml,60,1036,$28098,2023-10-02,South America,Kristin Stewart,Clinics
Drug D,Company W,Tablet,50 mg,30,355,$16758,2023-10-04,Asia,Michael Gaines,Online Pharmacy
Drug E,Company Y,Capsule,10 mg,10 ml,159,$10132,2023-10-13,North America,Rebecca Turner,Pharmacy
Drug C,Company V,Injection,100 mg/ml,30,1835,$48131,2024-04-21,South America,Kevin Johnson,Pharmacy
Drug E,Company Y,Tablet,50 mg,30,345,$23783,2023-10-15,North America,Michelle Bowman,Online Pharmacy
Drug C,Company Z,Capsule,100 mg/ml,30,1701,$38134,2024-06-06,North America,Michael Burch,Clinics
Drug C,Company X,Capsule,10 mg,30,966,$29754,2023-09-27,North America,Angel Gonzalez,Pharmacy
Drug A,Company X,Cream,50 mg,50 g,1876,$35523,2024-05-21,North America,Tammy Dunlap,Pharmacy
Drug D,Company Z,Tablet,10 mg,100 ml,1589,$39611,2024-07-16,South America,John Ramirez,Hospitals
Drug E,Company Z,Syrup,100 mg/ml,60,1236,$5976,2024-03-10,Asia,Peter Barron,Supermarkets
Drug D,Company W,Capsule,100 mg/ml,30,406,$19800,2023-10-06,South America,Paige Davis,Online Pharmacy
Drug E,Company W,Capsule,250 mg,60,1477,$42087,2024-01-11,North America,Thomas Miller,Pharmacy
Drug C,Company Y,Syrup,100 mg/ml,100 ml,1684,$49229,2024-05-09,Europe,Miss Sara Hamilton,Online Pharmacy
Drug C,Company Y,Cream,100 mg/ml,50 g,849,$45151,2023-08-02,Europe,Brian Little,Online Pharmacy
Drug A,Company X,Tablet,500 mg,50 g,849,$39729,2023-08-24,South America,Charles White,Pharmacy
Drug D,Company W,Capsule,50 mg,30,1743,$11137,2023-11-30,Asia,Elizabeth Carrillo,Clinics
Drug E,Company Z,Injection,10 mg,50 g,359,$14269,2023-11-07,North America,Amber Garcia,Supermarkets
Drug B,Company Z,Tablet,100 mg/ml,100 ml,573,$4115,2024-06-12,South America,Katherine Velazquez,Supermarkets
Drug B,Company W,Cream,500 mg,10 ml,1330,$28423,2023-09-16,South America,Brian Barnes,Pharmacy
Drug E,Company Z,Tablet,100 mg/ml,30,1087,$15485,2024-03-06,Asia,Susan Osborne,Supermarkets
Drug B,Company W,Capsule,50 mg,100 ml,404,$8798,2023-10-08,Asia,Robin Owens,Supermarkets
Drug A,Company X,Cream,250 mg,60,1641,$4850,2023-10-01,North America,Mr. Erik Bennett,Hospitals
Drug D,Company X,Capsule,500 mg,50 g,1013,$38304,2023-09-18,Europe,Sarah Whitney,Pharmacy
Drug E,Company Z,Injection,10 mg,10 ml,434,$32258,2024-07-23,North America,Thomas Mitchell,Clinics
Drug D,Company Y,Injection,50 mg,30,857,$25111,2023-08-30,North America,Thomas Houston,Hospitals
Drug E,Company V,Cream,250 mg,30,1215,$3802,2024-05-22,South America,Kathleen Jenkins DVM,Supermarkets
Drug E,Company Y,Injection,250 mg,60,1206,$30473,2023-10-09,Asia,Sara Gillespie,Hospitals
Drug A,Company V,Cream,100 mg/ml,50 g,1028,$26345,2024-01-02,Europe,Jennifer Jones,Clinics
Drug B,Company X,Syrup,100 mg/ml,100 ml,1821,$49772,2023-08-05,Europe,James Gonzalez,Clinics
Drug D,Company Z,Capsule,100 mg/ml,100 ml,187,$33824,2024-05-19,North America,Katherine George,Supermarkets
Drug A,Company Z,Capsule,250 mg,10 ml,1978,$10298,2024-04-27,South America,Melissa Spence,Online Pharmacy
Drug D,Company W,Tablet,50 mg,50 g,310,$8780,2023-12-21,South America,Renee Thompson,Supermarkets
Drug C,Company V,Capsule,500 mg,30,1232,$14892,2023-12-26,Africa,David Hall,Clinics
Drug E,Company W,Tablet,100 mg/ml,100 ml,1147,$31546,2023-12-03,South America,Patricia Herrera,Supermarkets
Drug D,Company V,Capsule,10 mg,60,157,$25507,2023-09-08,Asia,Alan Sloan,Supermarkets
Drug A,Company X,Capsule,100 mg/ml,30,110,$48715,2024-05-05,South America,Tami Robles,Clinics
Drug C,Company V,Injection,50 mg,100 ml,1496,$30359,2024-01-04,Europe,Edgar Hughes,Online Pharmacy
Drug D,Company V,Syrup,50 mg,50 g,1677,$14519,2024-05-09,Africa,Melissa Gonzalez,Clinics
Drug C,Company Y,Syrup,10 mg,30,103,$39963,2024-01-26,North America,Joseph Gregory,Supermarkets
Drug D,Company W,Cream,250 mg,30,621,$14108,2024-03-07,Africa,Daniel Bray,Pharmacy
Drug B,Company V,Tablet,500 mg,30,467,$42438,2024-04-14,North America,Angela Gibson,Hospitals
Drug A,Company V,Syrup,50 mg,60,528,$12478,2024-07-19,Asia,Luke Moore,Pharmacy
Drug B,Company Y,Syrup,100 mg/ml,30,651,$43294,2023-09-15,Africa,Darren Allen,Pharmacy
Drug C,Company Y,Capsule,250 mg,100 ml,213,$41727,2023-11-23,Asia,Sarah Gallagher,Online Pharmacy
Drug A,Company Y,Cream,250 mg,50 g,1808,$18900,2024-03-14,Asia,Scott Chandler,Hospitals
Drug B,Company Z,Tablet,100 mg/ml,30,979,$33935,2023-12-14,Europe,Kathy Ward,Online Pharmacy
Drug E,Company W,Injection,100 mg/ml,10 ml,903,$29491,2023-09-22,Africa,Anthony Gutierrez,Online Pharmacy
Drug D,Company Z,Tablet,500 mg,10 ml,1873,$47958,2023-11-09,South America,Sharon Weiss,Hospitals
Drug D,Company X,Syrup,100 mg/ml,30,1575,$39809,2023-12-25,Asia,Monica Brown,Clinics
Drug A,Company V,Tablet,50 mg,60,1178,$26564,2024-01-01,Asia,Stephanie Savage,Online Pharmacy
Drug C,Company Y,Syrup,10 mg,30,136,$28942,2023-10-31,Europe,Miguel Harrell,Supermarkets
Drug C,Company W,Tablet,250 mg,50 g,177,$38415,2024-01-20,Europe,Carol Sullivan,Supermarkets
Drug C,Company V,Capsule,500 mg,10 ml,267,$37982,2024-02-25,Africa,Amanda Adams,Online Pharmacy
Drug A,Company Y,Syrup,10 mg,10 ml,539,$28332,2024-06-23,South America,Heather Shah,Hospitals
Drug B,Company Y,Cream,100 mg/ml,100 ml,1637,$28078,2023-12-20,South America,Michael Wright,Pharmacy
Drug E,Company V,Injection,100 mg/ml,50 g,895,$1117,2024-04-16,Africa,Rachel Chavez,Hospitals
Drug A,Company Z,Syrup,100 mg/ml,50 g,545,$7812,2024-03-15,Africa,Alexander Moore,Clinics
Drug D,Company Y,Syrup,10 mg,60,809,$34972,2023-08-24,Asia,Michael Scott,Hospitals
Drug E,Company X,Capsule,50 mg,50 g,251,$33441,2023-08-07,Europe,Miranda Price,Pharmacy
Drug D,Company X,Cream,100 mg/ml,50 g,954,$6130,2023-08-20,Africa,Harold Sullivan,Pharmacy
Drug B,Company V,Syrup,500 mg,50 g,1105,$9186,2023-10-17,North America,Renee Barton,Hospitals
Drug A,Company Z,Capsule,50 mg,50 g,280,$41256,2024-04-03,Asia,Kevin Patterson,Pharmacy
Drug C,Company Z,Syrup,250 mg,30,357,$2350,2024-06-02,South America,Philip Bennett,Online Pharmacy
Drug B,Company V,Cream,50 mg,60,1476,$21861,2023-09-19,Asia,David Walker,Pharmacy
Drug E,Company V,Cream,10 mg,100 ml,1448,$37724,2023-12-08,Europe,Sara Hill,Clinics
Drug D,Company Y,Syrup,100 mg/ml,50 g,1191,$27570,2023-11-21,Europe,Ethan Lewis,Hospitals
Drug B,Company X,Cream,250 mg,50 g,451,$18899,2024-04-06,North America,Cassandra Marshall,Pharmacy
Drug B,Company W,Capsule,50 mg,60,1978,$23993,2024-06-04,Europe,Michael Miller,Pharmacy
Drug D,Company V,Injection,10 mg,100 ml,403,$4075,2024-03-16,South America,Brenda Rice,Hospitals
Drug D,Company X,Cream,10 mg,50 g,309,$38835,2024-03-08,North America,Megan Ingram,Hospitals
Drug C,Company W,Injection,10 mg,10 ml,1448,$13865,2023-12-08,South America,Kevin Campbell,Supermarkets
Drug D,Company W,Cream,100 mg/ml,50 g,704,$12836,2024-01-17,Africa,Kelly Green,Clinics
Drug B,Company Y,Syrup,10 mg,30,165,$32484,2024-07-11,Africa,Terri Hernandez,Pharmacy
Drug B,Company W,Capsule,250 mg,10 ml,1824,$12594,2023-12-11,South America,Morgan Kelly,Hospitals
Drug A,Company Y,Tablet,50 mg,10 ml,1553,$35920,2023-08-16,Europe,Brenda Stewart,Pharmacy
Drug E,Company W,Tablet,250 mg,30,1114,$45080,2023-10-14,Africa,Patrick Hunt,Hospitals
Drug C,Company Y,Cream,100 mg/ml,60,1746,$7097,2023-11-07,Asia,Natalie Parks,Supermarkets
Drug D,Company V,Capsule,10 mg,30,1468,$32272,2024-04-21,South America,Shirley Hawkins,Supermarkets
Drug B,Company V,Injection,500 mg,50 g,230,$41305,2024-04-09,Europe,John Serrano,Clinics
Drug E,Company X,Capsule,500 mg,50 g,776,$6165,2024-04-14,Asia,Brian Young,Hospitals
Drug E,Company W,Tablet,500 mg,50 g,1071,$3760,2023-09-09,Europe,Elizabeth Collins,Hospitals
Drug B,Company Z,Capsule,500 mg,50 g,1137,$1699,2023-11-23,Europe,Sabrina Campbell,Supermarkets
Drug A,Company Y,Capsule,10 mg,60,787,$47912,2024-06-09,South America,Katrina Horn,Online Pharmacy
Drug D,Company Y,Injection,250 mg,30,1479,$33505,2024-06-30,South America,Jennifer Oconnell,Pharmacy
Drug C,Company V,Capsule,500 mg,100 ml,405,$23360,2023-11-03,South America,Jenny Cook,Online Pharmacy
Drug C,Company W,Cream,50 mg,10 ml,470,$45836,2023-11-02,South America,Hannah Wright,Online Pharmacy
Drug D,Company W,Capsule,10 mg,50 g,1864,$26663,2024-04-21,South America,Michael Perkins,Pharmacy
Drug B,Company X,Tablet,500 mg,50 g,1610,$22700,2023-10-16,Europe,Scott Fowler,Clinics
Drug A,Company X,Cream,10 mg,10 ml,1247,$23054,2023-11-13,Africa,Julie Fisher,Hospitals
Drug E,Company W,Injection,50 mg,60,1515,$37393,2023-12-30,North America,Troy Kennedy,Hospitals
Drug E,Company X,Syrup,500 mg,30,1064,$11558,2024-07-12,Europe,Jill Howard,Online Pharmacy
Drug A,Company Z,Syrup,100 mg/ml,50 g,336,$7855,2023-08-28,Asia,Miranda Jones,Supermarkets
Drug C,Company V,Tablet,500 mg,50 g,1334,$30566,2023-12-19,North America,Jasmine Frank,Pharmacy
Drug D,Company X,Cream,500 mg,100 ml,472,$23247,2023-12-20,Asia,Ashlee Macdonald,Hospitals
Drug D,Company V,Capsule,50 mg,100 ml,169,$18665,2024-01-31,Europe,Lori Maldonado,Pharmacy
Drug C,Company Y,Syrup,100 mg/ml,100 ml,150,$8735,2023-10-18,North America,Kristy Taylor,Supermarkets
Drug D,Company V,Injection,100 mg/ml,10 ml,1503,$19148,2023-10-10,North America,Hunter Nguyen,Clinics
Drug A,Company X,Syrup,100 mg/ml,50 g,355,$33093,2024-05-18,North America,Zachary Dyer,Hospitals
Drug A,Company W,Injection,100 mg/ml,50 g,1215,$12727,2023-11-30,North America,James Lee,Pharmacy
Drug D,Company V,Tablet,50 mg,50 g,857,$26479,2023-08-25,Asia,Phillip Adkins,Pharmacy
Drug E,Company W,Cream,250 mg,100 ml,914,$28345,2024-02-21,Africa,Roger Larsen,Hospitals
Drug E,Company V,Tablet,100 mg/ml,100 ml,1513,$16791,2024-07-28,South America,Rebecca Vargas,Supermarkets
Drug D,Company V,Injection,500 mg,100 ml,809,$1788,2023-09-19,South America,Karen Kent,Online Pharmacy
Drug A,Company X,Tablet,10 mg,10 ml,1696,$42076,2024-03-27,Africa,Heather Dawson,Pharmacy
Drug D,Company V,Cream,500 mg,50 g,1943,$42637,2024-04-13,North America,Carrie Reese,Online Pharmacy
Drug B,Company W,Cream,100 mg/ml,10 ml,794,$5918,2024-04-14,Africa,Kevin Parker,Hospitals
Drug A,Company Y,Cream,500 mg,60,601,$7096,2024-06-28,Europe,Christina Miller,Pharmacy
Drug D,Company W,Cream,100 mg/ml,30,1954,$14676,2023-12-20,Africa,John Cruz,Online Pharmacy
Drug D,Company Y,Tablet,10 mg,30,301,$28337,2023-10-10,Africa,Tommy Wise,Pharmacy
Drug D,Company Z,Cream,250 mg,50 g,648,$34565,2024-06-10,South America,James Gutierrez,Online Pharmacy
Drug E,Company W,Injection,10 mg,50 g,508,$9190,2023-10-26,Africa,Jill Mitchell,Hospitals
Drug E,Company Y,Injection,100 mg/ml,30,1259,$21505,2023-10-05,Europe,Katherine Glover,Online Pharmacy
Drug C,Company Y,Injection,100 mg/ml,60,1922,$5404,2023-12-27,Africa,Christopher Adams,Hospitals
Drug C,Company W,Tablet,100 mg/ml,100 ml,1769,$49043,2023-10-07,South America,Katrina Reid,Online Pharmacy
Drug B,Company Y,Capsule,50 mg,100 ml,348,$40962,2023-08-07,South America,Luis Wood,Hospitals
Drug C,Company Y,Cream,50 mg,50 g,317,$17536,2024-02-29,Africa,Robert Greer,Supermarkets
Drug D,Company X,Tablet,250 mg,100 ml,832,$14813,2023-11-01,North America,Michele Nguyen,Supermarkets
Drug B,Company W,Injection,50 mg,50 g,1217,$44230,2023-08-25,Asia,Tiffany Lewis,Clinics
Drug B,Company V,Tablet,10 mg,30,987,$46351,2024-04-13,Asia,Charles Ellis,Pharmacy
Drug C,Company V,Cream,100 mg/ml,30,1544,$28088,2024-04-14,South America,Alexander Underwood,Hospitals
Drug C,Company Y,Injection,10 mg,50 g,1500,$33627,2023-11-05,Africa,Arthur Henry,Hospitals
Drug B,Company V,Syrup,250 mg,100 ml,1406,$38824,2023-12-29,Europe,Dawn Le,Pharmacy
Drug B,Company Z,Injection,500 mg,50 g,1176,$3089,2023-08-02,Europe,Nicholas Caldwell,Clinics
Drug B,Company W,Syrup,500 mg,10 ml,1806,$24517,2024-04-16,South America,Kelly Parker,Online Pharmacy
Drug A,Company V,Syrup,250 mg,30,1187,$25578,2023-10-21,North America,Noah Davis,Clinics
Drug A,Company W,Cream,250 mg,10 ml,606,$19299,2024-03-07,North America,Joshua Villa,Online Pharmacy
Drug D,Company Y,Injection,50 mg,30,1824,$35974,2023-08-03,Europe,Bonnie Mason,Hospitals
Drug B,Company Y,Tablet,100 mg/ml,30,1082,$1598,2023-09-28,North America,Lorraine Gibson,Supermarkets
Drug B,Company W,Injection,500 mg,50 g,1738,$46460,2024-03-29,South America,Kimberly Lopez,Online Pharmacy
Drug A,Company Y,Capsule,250 mg,100 ml,566,$7773,2023-09-23,Europe,Lisa Burgess,Pharmacy
Drug D,Company Y,Tablet,50 mg,100 ml,1542,$18211,2023-10-19,Europe,Teresa Waters,Pharmacy
Drug B,Company Z,Capsule,250 mg,100 ml,1818,$24007,2024-05-15,Asia,Gary Foster,Supermarkets
Drug C,Company X,Cream,500 mg,10 ml,380,$19627,2024-04-26,Africa,Cassandra Allen,Clinics
Drug C,Company Y,Cream,500 mg,30,1258,$32636,2023-10-06,South America,Bryan Erickson,Clinics
Drug B,Company X,Injection,500 mg,10 ml,271,$42665,2024-07-23,Europe,Claire Henry,Pharmacy
Drug C,Company Z,Cream,100 mg/ml,60,1450,$41272,2023-09-25,Africa,Courtney Shelton,Online Pharmacy
Drug B,Company W,Capsule,500 mg,10 ml,880,$41888,2024-02-01,North America,Danny Acevedo,Online Pharmacy
Drug A,Company Z,Syrup,10 mg,100 ml,946,$11455,2023-11-19,Europe,Brian Henry,Pharmacy
Drug E,Company W,Injection,100 mg/ml,50 g,1435,$5947,2024-06-16,North America,Patricia Robertson,Hospitals
Drug C,Company Y,Capsule,100 mg/ml,50 g,662,$42968,2024-05-04,Asia,Jason Hernandez,Hospitals
Drug A,Company Z,Syrup,10 mg,10 ml,974,$1233,2023-12-12,Asia,Sabrina Villa,Online Pharmacy
Drug B,Company Y,Capsule,500 mg,100 ml,375,$48490,2023-09-10,Asia,Robert Scott,Online Pharmacy
Drug D,Company Z,Cream,100 mg/ml,60,1174,$45203,2023-09-16,Asia,Jeffrey Moore,Hospitals
Drug B,Company W,Cream,100 mg/ml,50 g,826,$38948,2024-05-13,Asia,Gregory Krause,Pharmacy
Drug D,Company W,Cream,500 mg,100 ml,1991,$22125,2023-12-29,Africa,Daniel Adkins,Pharmacy
Drug A,Company V,Tablet,10 mg,30,1847,$3341,2024-01-28,Europe,Donna Gardner,Clinics
Drug B,Company W,Tablet,10 mg,50 g,1902,$30721,2023-10-07,Africa,Eric Boyd,Online Pharmacy
Drug C,Company V,Capsule,250 mg,30,1565,$44406,2024-05-01,North America,Sabrina Barnett MD,Pharmacy
Drug A,Company Z,Syrup,10 mg,60,202,$29359,2024-04-26,Europe,Richard Matthews,Clinics
Drug E,Company W,Cream,500 mg,100 ml,1154,$43230,2023-09-28,Asia,Christine Garcia,Online Pharmacy
Drug A,Company Y,Syrup,100 mg/ml,50 g,1979,$44423,2024-02-07,Asia,Robert Becker,Supermarkets
Drug E,Company Z,Syrup,250 mg,60,1572,$45926,2024-04-11,Africa,Kimberly Hill,Clinics
Drug D,Company V,Injection,100 mg/ml,60,1732,$15706,2024-02-29,Africa,Samuel Mullen,Supermarkets
Drug D,Company X,Capsule,50 mg,100 ml,994,$28766,2024-06-05,Africa,Michael Romero,Supermarkets
Drug E,Company Z,Tablet,250 mg,10 ml,524,$29230,2023-12-20,North America,Travis Mason,Supermarkets
Drug B,Company Y,Injection,50 mg,100 ml,255,$10654,2024-01-23,North America,Aaron Miles,Clinics
Drug E,Company W,Cream,250 mg,50 g,347,$13939,2024-04-14,North America,Bryan Porter,Hospitals
Drug E,Company W,Injection,100 mg/ml,10 ml,884,$29077,2024-03-23,North America,Cynthia Ross,Pharmacy
Drug B,Company Z,Capsule,50 mg,10 ml,1415,$35744,2024-06-06,Europe,Cynthia Aguirre,Hospitals
Drug B,Company X,Tablet,10 mg,100 ml,600,$22592,2024-05-13,North America,Daniel Phillips,Hospitals
Drug E,Company Y,Tablet,500 mg,30,1568,$22730,2023-10-23,South America,Patrick Martinez,Clinics
Drug C,Company X,Syrup,100 mg/ml,30,1383,$7696,2024-06-27,North America,Suzanne Hernandez,Hospitals
Drug E,Company X,Injection,100 mg/ml,100 ml,1066,$30159,2023-10-16,Europe,Matthew Glover,Hospitals
Drug A,Company Y,Syrup,250 mg,10 ml,1759,$31641,2024-07-07,Africa,Timothy Ruiz,Pharmacy
Drug A,Company V,Capsule,50 mg,30,1040,$45896,2023-11-09,Africa,Savannah Howard,Online Pharmacy
Drug C,Company X,Injection,500 mg,60,1796,$15290,2023-12-18,Africa,Gregory Henry,Pharmacy
Drug D,Company W,Syrup,250 mg,100 ml,1545,$2653,2024-07-26,South America,Amanda Underwood,Hospitals
Drug A,Company X,Tablet,50 mg,60,1615,$48316,2024-05-19,North America,Yvette Miller,Supermarkets
Drug C,Company V,Syrup,100 mg/ml,100 ml,1793,$3737,2023-11-29,Asia,Robert Valencia,Hospitals
Drug E,Company V,Cream,250 mg,50 g,1283,$30409,2024-04-05,Africa,Robert Lucas,Hospitals
Drug A,Company Y,Cream,50 mg,10 ml,635,$8357,2023-09-26,North America,Joshua Ferguson,Online Pharmacy
Drug B,Company W,Injection,50 mg,60,1700,$25492,2024-05-03,Europe,Amy Davis,Online Pharmacy
Drug B,Company Y,Capsule,50 mg,60,1428,$22964,2023-12-23,Asia,Miguel Shah,Clinics
Drug B,Company Z,Syrup,50 mg,60,786,$11656,2024-01-07,Africa,Matthew Thomas,Pharmacy
Drug A,Company Z,Syrup,500 mg,60,973,$3690,2024-05-01,Europe,Jeffrey Woods,Pharmacy
Drug C,Company Y,Cream,10 mg,50 g,1841,$5308,2023-12-04,Europe,Lori Jones MD,Pharmacy
Drug D,Company X,Injection,100 mg/ml,100 ml,852,$21947,2024-03-17,South America,Nicole Russell,Supermarkets
Drug D,Company X,Capsule,10 mg,50 g,1005,$20706,2023-12-13,Europe,Raymond Perez,Clinics
Drug E,Company Y,Syrup,500 mg,100 ml,1746,$9959,2024-03-26,Europe,Timothy Porter,Clinics
Drug D,Company Y,Capsule,250 mg,30,1257,$23476,2023-12-31,Asia,Jose Dunn,Supermarkets
Drug A,Company X,Tablet,10 mg,50 g,1082,$35390,2024-03-30,Asia,Katelyn Fields,Pharmacy
Drug C,Company Y,Injection,10 mg,50 g,428,$3153,2024-02-07,South America,Joshua Black,Online Pharmacy
Drug C,Company Y,Syrup,100 mg/ml,60,793,$30051,2024-05-25,Asia,Travis Carrillo,Hospitals
Drug A,Company V,Cream,100 mg/ml,60,140,$31617,2023-10-22,Asia,Lisa Cobb,Supermarkets
Drug B,Company Y,Injection,500 mg,30,862,$42692,2024-05-02,Europe,Lisa Berry,Pharmacy
Drug B,Company V,Cream,250 mg,30,1888,$35394,2023-08-18,Europe,Ernest Mcgrath,Online Pharmacy
Drug E,Company X,Cream,100 mg/ml,50 g,1623,$26804,2024-06-16,Africa,Jeffrey Simpson,Clinics
Drug D,Company Z,Cream,500 mg,60,1641,$7106,2023-08-10,Europe,Richard Vasquez,Hospitals
Drug B,Company W,Cream,500 mg,60,622,$30194,2024-03-09,North America,Travis Floyd,Hospitals
Drug E,Company V,Syrup,250 mg,50 g,1529,$22974,2024-04-26,South America,Brandon Williams,Hospitals
Drug B,Company W,Tablet,10 mg,50 g,1868,$14793,2024-06-22,South America,Mary Garcia,Hospitals
Drug A,Company X,Tablet,250 mg,30,421,$11743,2024-04-24,Asia,Susan Donaldson,Clinics
Drug B,Company Y,Injection,250 mg,50 g,1140,$11932,2023-08-09,Africa,Richard Johnson,Hospitals
Drug B,Company V,Syrup,10 mg,100 ml,1689,$48095,2024-01-31,South America,Jermaine Lowe,Hospitals
Drug B,Company Z,Syrup,10 mg,30,899,$30188,2024-01-01,North America,Amanda Anderson,Hospitals
Drug B,Company Z,Cream,250 mg,10 ml,1631,$1499,2024-06-06,South America,Tammy Nguyen,Pharmacy
Drug B,Company Z,Cream,250 mg,50 g,319,$13155,2024-05-13,Asia,James Sanders,Online Pharmacy
Drug C,Company W,Syrup,500 mg,10 ml,152,$12327,2023-10-31,North America,Timothy Diaz,Online Pharmacy
Drug C,Company W,Cream,250 mg,50 g,1283,$2668,2024-05-13,South America,Trevor Keith,Clinics
Drug A,Company W,Injection,100 mg/ml,100 ml,1508,$41269,2023-12-25,North America,Charles Rice,Hospitals
Drug E,Company Y,Capsule,100 mg/ml,30,774,$26648,2024-05-30,South America,Melissa Ramos,Hospitals
Drug A,Company Z,Syrup,50 mg,30,255,$47763,2024-03-30,Africa,Christopher Stephenson,Supermarkets
Drug D,Company Z,Tablet,10 mg,10 ml,1460,$22865,2023-10-10,South America,Robert Hale,Clinics
Drug B,Company W,Cream,100 mg/ml,30,879,$6810,2024-04-13,Africa,Brian Raymond,Hospitals
Drug B,Company V,Injection,500 mg,50 g,634,$15232,2024-07-20,Asia,Monica Jones,Pharmacy
Drug C,Company X,Cream,500 mg,100 ml,1589,$28963,2024-02-15,Africa,Nichole Orozco,Pharmacy
Drug A,Company Z,Syrup,100 mg/ml,100 ml,288,$10918,2023-11-21,Africa,Paige Myers,Clinics
Drug C,Company V,Capsule,500 mg,50 g,161,$15335,2024-07-15,South America,Steve Ford,Online Pharmacy
Drug E,Company Y,Cream,500 mg,50 g,855,$29393,2023-09-04,South America,Patricia Wilson,Clinics
Drug E,Company Y,Syrup,10 mg,10 ml,488,$48696,2023-12-13,Europe,Jennifer Clark,Clinics
Drug C,Company W,Cream,50 mg,100 ml,1119,$17664,2024-02-21,Africa,Andrew Lang,Hospitals
Drug D,Company V,Tablet,250 mg,30,105,$10114,2023-09-28,Asia,Catherine Ochoa,Clinics
Drug D,Company X,Injection,100 mg/ml,100 ml,1425,$49691,2023-11-22,Africa,Kenneth Jones,Pharmacy
Drug B,Company Y,Syrup,100 mg/ml,10 ml,908,$12202,2024-03-11,Europe,Nicole Warner,Hospitals
Drug C,Company Y,Cream,250 mg,30,1479,$39296,2024-05-29,Africa,Richard Benton,Pharmacy
Drug D,Company Y,Injection,10 mg,30,1271,$24977,2023-11-03,Africa,Eric Williams,Clinics
Drug B,Company Y,Capsule,50 mg,60,255,$3422,2024-07-26,Europe,Jacqueline Jones,Hospitals
Drug B,Company Z,Injection,50 mg,100 ml,1258,$40096,2024-01-24,North America,Kelly Wolf,Clinics
Drug B,Company Z,Capsule,500 mg,100 ml,1633,$49748,2023-08-02,South America,Colin Watson,Supermarkets
Drug A,Company Z,Cream,10 mg,100 ml,115,$42746,2024-06-27,South America,Melissa Fisher,Clinics
Drug E,Company Z,Injection,500 mg,30,1666,$31902,2024-01-05,South America,Andrea Reese,Pharmacy
Drug E,Company Y,Injection,10 mg,100 ml,1141,$14925,2024-04-28,Africa,Cory Mason,Hospitals
Drug A,Company X,Capsule,500 mg,50 g,684,$49285,2024-02-26,Europe,Nathaniel Williams,Online Pharmacy
Drug C,Company W,Tablet,100 mg/ml,100 ml,125,$27122,2023-08-25,Asia,Kara Martin,Hospitals
Drug B,Company Y,Syrup,10 mg,100 ml,1257,$9065,2024-02-13,South America,Mr. Todd Miller,Online Pharmacy
Drug A,Company W,Syrup,250 mg,10 ml,512,$38483,2023-11-29,Africa,Paul Brown,Hospitals
Drug B,Company Z,Tablet,500 mg,60,1978,$35271,2023-12-25,North America,Megan Graves,Supermarkets
Drug B,Company Z,Syrup,50 mg,10 ml,452,$27833,2023-11-01,Europe,Tammy Ford,Pharmacy
Drug C,Company Y,Cream,50 mg,100 ml,1464,$13450,2023-10-04,North America,Shannon Rodriguez,Hospitals
Drug E,Company V,Cream,100 mg/ml,60,1259,$34258,2023-10-21,North America,Robert Gomez,Online Pharmacy
Drug B,Company Z,Injection,50 mg,10 ml,997,$6288,2024-07-17,North America,Joshua Owens,Supermarkets
Drug A,Company V,Cream,50 mg,60,324,$16995,2023-10-26,Europe,Rebecca Armstrong,Pharmacy
Drug A,Company X,Syrup,10 mg,100 ml,153,$48959,2024-05-31,Europe,Anthony Zimmerman,Clinics
Drug E,Company Y,Cream,10 mg,50 g,1927,$36009,2023-08-09,Africa,Travis Norton,Hospitals
Drug B,Company X,Cream,100 mg/ml,60,463,$7692,2023-07-30,Africa,Andrew Hernandez,Clinics
Drug B,Company V,Capsule,10 mg,30,1767,$37875,2024-01-28,Europe,Lindsay Obrien,Clinics
Drug D,Company W,Injection,250 mg,100 ml,1906,$37464,2023-08-04,Asia,Monica Ruiz MD,Pharmacy
Drug C,Company X,Tablet,100 mg/ml,30,1155,$27188,2023-09-19,Africa,Courtney Day,Online Pharmacy
Drug B,Company X,Capsule,50 mg,100 ml,752,$2969,2024-05-01,North America,Paul Gray,Online Pharmacy
Drug A,Company W,Injection,10 mg,30,1723,$43091,2023-08-17,Africa,Wayne Roy,Hospitals
Drug C,Company Z,Capsule,100 mg/ml,60,1337,$22675,2023-08-05,Africa,Dr. Alexis Cochran,Clinics
Drug D,Company Y,Capsule,50 mg,60,1430,$41328,2023-08-06,South America,Crystal Goodman,Supermarkets
Drug A,Company Y,Capsule,50 mg,100 ml,1184,$27895,2024-04-29,South America,Kimberly Sutton,Clinics
Drug E,Company Y,Syrup,10 mg,30,506,$17762,2024-06-20,Asia,Rhonda Williams,Pharmacy
Drug D,Company Z,Capsule,500 mg,10 ml,1085,$1367,2024-03-05,Africa,Danielle Chen,Pharmacy
Drug C,Company V,Injection,50 mg,10 ml,1151,$23237,2024-03-28,Europe,Patrick Miller,Hospitals
Drug C,Company Z,Capsule,250 mg,100 ml,157,$17373,2024-04-06,North America,Joyce Adams,Clinics
Drug D,Company W,Injection,500 mg,10 ml,1665,$49986,2023-08-29,North America,Ian Rangel,Online Pharmacy
Drug D,Company Y,Cream,50 mg,30,206,$35133,2024-03-15,Africa,Justin Montgomery,Hospitals
Drug C,Company V,Tablet,100 mg/ml,30,1348,$37823,2024-06-24,Africa,Jimmy Cox,Supermarkets
Drug D,Company V,Tablet,500 mg,60,1397,$45903,2023-10-26,Asia,Jade Collins,Clinics
Drug B,Company V,Tablet,50 mg,100 ml,1514,$24056,2024-04-16,Europe,Brittany Bradford,Clinics
Drug B,Company V,Tablet,50 mg,30,160,$14104,2023-10-30,North America,David Oconnor,Clinics
Drug C,Company V,Injection,500 mg,60,1386,$21572,2024-02-04,Asia,Deanna Becker,Hospitals
Drug C,Company Y,Cream,500 mg,60,348,$3487,2024-03-05,Africa,David Ryan,Pharmacy
Drug D,Company W,Capsule,10 mg,50 g,1100,$3858,2024-04-17,Asia,Curtis Khan,Hospitals
Drug C,Company Y,Capsule,100 mg/ml,60,514,$39240,2023-11-11,Africa,Dr. Mary Alexander,Supermarkets
Drug B,Company W,Syrup,100 mg/ml,100 ml,1752,$38068,2023-12-29,North America,Monique Cruz,Online Pharmacy
Drug A,Company W,Cream,100 mg/ml,10 ml,358,$13438,2024-03-13,Europe,Victoria Powell,Supermarkets
Drug A,Company Y,Capsule,500 mg,10 ml,506,$28350,2024-04-10,Asia,Stephen Becker,Supermarkets
Drug E,Company Y,Tablet,100 mg/ml,100 ml,1938,$28072,2024-07-12,Asia,Kirsten Dillon,Online Pharmacy
Drug B,Company V,Capsule,500 mg,10 ml,794,$29529,2023-11-26,North America,Victoria Miller,Clinics
Drug A,Company X,Injection,500 mg,10 ml,483,$26712,2023-12-22,North America,Jordan Guzman,Pharmacy
Drug D,Company V,Cream,100 mg/ml,50 g,1884,$23635,2024-05-11,Asia,Julia Rivera MD,Supermarkets
Drug D,Company Y,Cream,50 mg,10 ml,735,$40658,2023-10-12,Africa,Joseph Harris,Online Pharmacy
Drug B,Company V,Syrup,100 mg/ml,50 g,274,$30681,2024-05-19,Asia,Michael Saunders,Supermarkets
Drug C,Company V,Tablet,500 mg,50 g,1805,$40381,2024-04-10,North America,Kimberly Rice,Hospitals
Drug B,Company Y,Capsule,10 mg,50 g,873,$28594,2024-02-10,Europe,Daniel Alexander,Clinics
Drug A,Company W,Syrup,500 mg,100 ml,132,$44778,2024-04-18,Asia,Alicia Castillo,Hospitals
Drug A,Company W,Tablet,250 mg,50 g,1420,$14853,2024-01-23,Europe,Anna Odonnell,Supermarkets
Drug A,Company W,Injection,100 mg/ml,50 g,1683,$29645,2023-10-03,Europe,Gabriel Lowe,Online Pharmacy
Drug E,Company Y,Injection,250 mg,60,1143,$43589,2024-04-25,Asia,Brent Kemp,Supermarkets
Drug B,Company Z,Cream,500 mg,30,223,$2979,2024-05-04,Europe,Susan Owens,Clinics
Drug C,Company X,Syrup,10 mg,60,1324,$4688,2023-10-06,Asia,Anthony Jenkins,Clinics
Drug E,Company V,Injection,250 mg,100 ml,194,$24534,2024-04-03,Europe,Robin Coleman,Online Pharmacy
Drug C,Company Y,Tablet,10 mg,60,661,$23684,2024-01-20,Africa,Thomas Collins,Online Pharmacy
Drug B,Company Y,Tablet,10 mg,50 g,751,$19968,2024-03-16,South America,Brittany Williams,Pharmacy
Drug B,Company V,Cream,250 mg,100 ml,1257,$23292,2024-07-26,North America,Luis George,Pharmacy
Drug D,Company V,Injection,500 mg,60,302,$13102,2024-01-10,Africa,James Edwards,Online Pharmacy
Drug D,Company Y,Capsule,500 mg,100 ml,952,$24617,2024-06-05,North America,Mary Jones,Pharmacy
Drug A,Company X,Capsule,10 mg,100 ml,507,$10837,2023-12-09,Asia,Jennifer Martinez,Online Pharmacy
Drug B,Company V,Cream,10 mg,50 g,1325,$29008,2023-09-18,South America,James White,Clinics
Drug B,Company V,Tablet,10 mg,50 g,970,$30738,2024-05-27,Africa,Cindy White,Pharmacy
Drug E,Company W,Capsule,500 mg,50 g,1034,$9255,2024-03-17,Asia,Paul Schmidt,Supermarkets
Drug E,Company Z,Capsule,100 mg/ml,100 ml,1127,$3828,2024-06-24,South America,Sherry Higgins,Hospitals
Drug E,Company Z,Syrup,250 mg,30,347,$46219,2024-05-09,Africa,Shannon French,Pharmacy
Drug C,Company Y,Syrup,10 mg,50 g,1032,$37678,2024-01-20,North America,Jennifer Gonzales,Clinics
Drug B,Company Z,Tablet,50 mg,30,1105,$35389,2023-11-23,Asia,Thomas Davis,Pharmacy
Drug B,Company V,Syrup,250 mg,100 ml,107,$11533,2024-01-26,South America,Joseph Moore,Online Pharmacy
Drug E,Company Z,Cream,100 mg/ml,60,585,$37206,2024-02-18,North America,Jerry Hanson,Online Pharmacy
Drug E,Company X,Tablet,500 mg,30,1915,$6442,2024-05-16,South America,Jennifer Tucker,Online Pharmacy
Drug B,Company W,Cream,250 mg,100 ml,1228,$47317,2024-05-12,Europe,Amanda Garcia,Pharmacy
Drug D,Company X,Injection,10 mg,60,728,$17927,2024-07-08,North America,Jessica Kelly,Online Pharmacy
Drug C,Company X,Injection,50 mg,100 ml,938,$49452,2023-12-20,Europe,James Fuller,Hospitals
Drug B,Company W,Injection,100 mg/ml,50 g,1140,$37493,2023-09-01,North America,Maria Proctor,Hospitals
Drug D,Company V,Cream,250 mg,10 ml,493,$37610,2023-09-21,Europe,John Fowler,Hospitals
Drug D,Company Y,Syrup,250 mg,10 ml,1358,$3735,2024-07-09,Europe,Jason Nelson,Clinics
Drug A,Company Z,Cream,500 mg,50 g,269,$43198,2023-10-10,Asia,Marvin Wu,Pharmacy
Drug B,Company X,Cream,250 mg,30,201,$24265,2023-10-17,Asia,Emily Singleton,Online Pharmacy
Drug E,Company Y,Cream,50 mg,30,1918,$16223,2024-02-28,Asia,Colin Lee,Hospitals
Drug D,Company W,Injection,100 mg/ml,60,1337,$12997,2024-06-26,Europe,Mathew Johnson,Supermarkets
Drug D,Company X,Syrup,100 mg/ml,100 ml,483,$25162,2023-07-31,Africa,Christopher Ramirez,Supermarkets
Drug A,Company Y,Injection,500 mg,50 g,105,$31985,2024-07-17,South America,Samuel Ortiz,Supermarkets
Drug E,Company V,Cream,50 mg,60,1760,$24924,2023-11-27,Europe,Megan Reese,Online Pharmacy
Drug A,Company X,Cream,10 mg,60,835,$35184,2024-07-16,North America,Rachel White,Supermarkets
Drug B,Company Y,Injection,50 mg,10 ml,122,$7349,2024-01-19,Europe,Michael Mclaughlin,Pharmacy
Drug C,Company Y,Syrup,250 mg,30,1415,$41330,2024-05-05,Europe,Paul Gibson,Pharmacy
Drug E,Company W,Tablet,100 mg/ml,50 g,1993,$5212,2024-03-04,Africa,Timothy Sanchez,Clinics
Drug E,Company X,Tablet,500 mg,50 g,958,$15537,2024-05-03,North America,Lori Smith,Clinics
Drug A,Company W,Injection,50 mg,10 ml,1616,$15777,2023-08-10,North America,Julie Carpenter,Clinics
Drug E,Company W,Syrup,100 mg/ml,50 g,922,$32819,2024-01-24,Europe,Barbara Baldwin,Pharmacy
Drug B,Company W,Cream,10 mg,30,580,$41566,2024-06-23,Africa,Jason Brooks,Hospitals
Drug B,Company X,Tablet,250 mg,100 ml,561,$42268,2024-05-12,Asia,Linda Brown,Supermarkets
Drug C,Company W,Capsule,50 mg,30,1709,$28361,2024-05-04,South America,Ernest Moyer,Pharmacy
Drug C,Company Y,Tablet,500 mg,50 g,1662,$43524,2024-04-22,Europe,Melissa Rodriguez,Pharmacy
Drug D,Company X,Syrup,500 mg,30,643,$42567,2023-11-07,South America,Austin Bowen,Hospitals
Drug A,Company X,Capsule,100 mg/ml,10 ml,1618,$11577,2024-07-05,North America,Nicholas French,Online Pharmacy
Drug B,Company W,Cream,500 mg,60,1616,$21763,2024-07-15,Europe,Lauren Jones,Clinics
Drug B,Company X,Injection,50 mg,60,1817,$36872,2024-06-11,North America,Sean Butler,Hospitals
Drug D,Company Z,Syrup,10 mg,100 ml,280,$29505,2023-07-29,North America,Michael Wiley,Supermarkets
Drug C,Company W,Cream,100 mg/ml,10 ml,519,$3961,2023-10-01,North America,James Lara,Online Pharmacy
Drug C,Company W,Capsule,250 mg,10 ml,1355,$9822,2023-10-05,Africa,Jessica Miller,Clinics
Drug D,Company V,Cream,500 mg,100 ml,1289,$40553,2024-07-28,Europe,Alvin Rios,Hospitals
Drug D,Company Y,Injection,10 mg,60,1578,$18160,2023-12-03,Asia,James Goodman,Pharmacy
Drug D,Company Z,Cream,10 mg,100 ml,854,$45168,2024-05-16,North America,Erica Adams,Pharmacy
Drug C,Company X,Injection,250 mg,30,1875,$19837,2023-10-11,South America,Amy Cruz,Clinics
Drug C,Company Z,Cream,250 mg,50 g,1105,$16306,2024-04-03,South America,Michael Clark,Pharmacy
Drug B,Company Z,Cream,50 mg,100 ml,503,$28974,2024-04-01,South America,Joyce Lopez,Pharmacy
Drug E,Company V,Syrup,50 mg,60,1354,$28539,2024-06-21,North America,Keith Allen,Clinics
Drug C,Company V,Tablet,10 mg,100 ml,1716,$40609,2024-04-01,Asia,Paige Watkins,Supermarkets
Drug B,Company V,Tablet,250 mg,50 g,1268,$38392,2024-06-29,North America,Matthew Jones,Pharmacy
Drug B,Company Z,Tablet,500 mg,60,716,$38994,2024-02-04,South America,Taylor Williams,Pharmacy
Drug E,Company W,Tablet,250 mg,50 g,1467,$18147,2024-06-25,Asia,Diane Beltran,Online Pharmacy
Drug B,Company X,Cream,250 mg,30,501,$8312,2023-11-01,Asia,Paul Espinoza,Supermarkets
Drug B,Company V,Cream,250 mg,30,1127,$29324,2024-07-02,North America,Laurie Price,Hospitals
Drug E,Company Y,Syrup,10 mg,10 ml,814,$22816,2023-12-16,Asia,John Thompson,Clinics
Drug D,Company W,Cream,10 mg,10 ml,1056,$4782,2023-10-07,Africa,Kara Dixon,Hospitals
Drug D,Company X,Injection,10 mg,50 g,130,$3639,2023-12-27,Africa,Jamie Jones,Hospitals
Drug D,Company W,Tablet,500 mg,50 g,760,$16495,2024-03-30,Asia,Alisha Johnson,Supermarkets
Drug E,Company X,Tablet,250 mg,10 ml,961,$47213,2024-06-07,Africa,Taylor Villa,Online Pharmacy
Drug D,Company X,Cream,100 mg/ml,10 ml,1410,$27514,2023-10-31,South America,Wesley Rodriguez,Pharmacy
Drug C,Company X,Tablet,50 mg,60,1446,$22233,2023-11-30,Europe,Lisa Cisneros,Supermarkets
Drug B,Company W,Syrup,500 mg,30,1694,$17518,2024-01-12,Africa,Michael Lawson,Hospitals
Drug C,Company Y,Capsule,10 mg,10 ml,1834,$5964,2024-03-02,South America,Christopher Huang,Pharmacy
Drug E,Company V,Capsule,250 mg,100 ml,737,$33901,2024-07-04,North America,Hector Silva,Hospitals
Drug A,Company V,Tablet,500 mg,100 ml,1027,$9819,2024-05-22,Europe,Mindy Garcia,Hospitals
Drug C,Company W,Tablet,500 mg,50 g,1000,$34947,2023-10-18,South America,Timothy Gray,Online Pharmacy
Drug B,Company V,Capsule,250 mg,60,1732,$43643,2024-06-15,Africa,Paul Gilbert,Clinics
Drug E,Company Z,Cream,250 mg,30,1686,$38320,2024-01-11,Europe,Raymond Diaz,Clinics
Drug C,Company Z,Tablet,50 mg,10 ml,1880,$13397,2024-01-08,South America,Kenneth Mack,Supermarkets
Drug C,Company V,Cream,10 mg,100 ml,363,$3071,2024-03-15,Asia,Michelle Ellis,Online Pharmacy
Drug E,Company W,Capsule,10 mg,10 ml,152,$27219,2024-02-28,North America,Steven Lewis,Hospitals
Drug D,Company X,Capsule,50 mg,50 g,1989,$39898,2023-08-05,Europe,Wendy Baker,Online Pharmacy
Drug C,Company Z,Cream,100 mg/ml,30,729,$17817,2024-03-16,North America,Elizabeth Weber,Pharmacy
Drug E,Company X,Injection,100 mg/ml,50 g,828,$3572,2024-01-08,North America,Mark Gilbert,Supermarkets
Drug E,Company Z,Cream,10 mg,60,984,$43213,2023-07-31,North America,Craig Reyes,Online Pharmacy
Drug E,Company Z,Syrup,10 mg,10 ml,1911,$40843,2024-01-19,Asia,Linda Miller,Supermarkets
Drug E,Company W,Cream,10 mg,30,846,$18094,2024-05-02,Asia,Michael Pena,Online Pharmacy
Drug D,Company X,Injection,10 mg,100 ml,415,$30785,2024-05-24,Africa,Dr. Guy Mcguire,Hospitals
Drug D,Company V,Cream,10 mg,100 ml,1507,$32408,2024-02-02,Asia,James Glenn,Clinics
Drug B,Company V,Injection,500 mg,50 g,889,$4285,2024-05-06,South America,Susan Holloway,Clinics
Drug A,Company V,Tablet,50 mg,30,983,$39307,2024-01-26,South America,Isaac Moore,Online Pharmacy
Drug E,Company Y,Syrup,100 mg/ml,60,743,$38388,2024-07-04,North America,Alison Santos DDS,Hospitals
Drug D,Company V,Capsule,250 mg,30,255,$27581,2024-06-05,South America,Michael Scott,Online Pharmacy
Drug D,Company Y,Syrup,50 mg,30,965,$12117,2023-08-30,Asia,Natasha Murray,Pharmacy
Drug E,Company X,Capsule,50 mg,10 ml,254,$2928,2023-08-19,North America,David Lee,Pharmacy
Drug E,Company V,Injection,100 mg/ml,60,1006,$35619,2023-12-06,South America,Miss Debbie Willis,Pharmacy
Drug E,Company X,Tablet,250 mg,10 ml,578,$21030,2024-02-13,North America,Briana Henry,Clinics
Drug E,Company W,Capsule,100 mg/ml,100 ml,1284,$40997,2023-07-29,North America,Jennifer Marsh,Online Pharmacy
Drug C,Company V,Capsule,10 mg,100 ml,1832,$22662,2024-07-11,Africa,Rachel Weaver,Supermarkets
Drug C,Company Z,Capsule,250 mg,60,698,$42700,2023-08-30,Europe,Michael Hodges,Pharmacy
Drug D,Company W,Injection,50 mg,100 ml,174,$28115,2023-09-08,Africa,James Taylor,Hospitals
Drug D,Company Z,Cream,250 mg,100 ml,247,$2564,2024-04-30,North America,Ms. Jamie Nunez DVM,Pharmacy
Drug B,Company V,Capsule,500 mg,10 ml,1585,$22796,2024-04-22,Europe,Catherine Li,Pharmacy
Drug E,Company Y,Tablet,50 mg,50 g,1212,$30821,2024-02-05,South America,Lauren Taylor,Supermarkets
Drug E,Company Y,Syrup,100 mg/ml,100 ml,1322,$41761,2024-05-15,South America,Daniel Moore,Pharmacy
Drug D,Company X,Cream,50 mg,60,1258,$22547,2023-08-30,Europe,Joseph Blair,Hospitals
Drug E,Company V,Cream,50 mg,10 ml,1589,$28938,2023-11-24,South America,William Foley,Hospitals
Drug B,Company V,Tablet,500 mg,10 ml,908,$44347,2023-11-24,Asia,Alexis Davis,Hospitals
Drug E,Company Y,Injection,100 mg/ml,60,888,$22714,2024-01-04,Asia,Nathan Contreras,Pharmacy
Drug B,Company Y,Cream,250 mg,60,1591,$6484,2023-09-11,Asia,Wendy Finley,Clinics
Drug B,Company Y,Syrup,50 mg,50 g,1266,$27371,2023-12-05,North America,Vanessa Wood,Clinics
Drug C,Company V,Capsule,10 mg,30,1335,$1534,2024-07-07,Europe,Laurie Gonzalez,Pharmacy
Drug D,Company Y,Tablet,10 mg,30,790,$9353,2024-01-23,Europe,Natalie Evans,Clinics
Drug C,Company W,Tablet,100 mg/ml,10 ml,408,$31302,2024-02-24,South America,Marissa Adams,Clinics
Drug A,Company W,Injection,250 mg,50 g,1613,$49778,2023-11-24,South America,Michael Mosley,Clinics
Drug B,Company V,Capsule,500 mg,50 g,1046,$41599,2023-08-23,South America,Michael Knight,Online Pharmacy
Drug A,Company W,Syrup,250 mg,60,769,$38634,2024-05-08,Asia,Ashley Johnson,Clinics
Drug D,Company Y,Tablet,250 mg,30,1661,$40534,2024-01-01,Europe,Christopher Clayton,Hospitals
Drug D,Company Z,Injection,50 mg,100 ml,1541,$36377,2023-08-14,South America,Tara Harris,Online Pharmacy
Drug C,Company Z,Injection,250 mg,50 g,286,$30863,2023-09-09,Europe,Roberto Bryant,Online Pharmacy
Drug C,Company X,Cream,100 mg/ml,100 ml,1432,$43247,2024-06-21,Africa,Janet Fritz,Supermarkets
Drug E,Company V,Tablet,500 mg,50 g,249,$21795,2023-09-20,Asia,Elizabeth Melendez,Hospitals
Drug B,Company W,Cream,10 mg,30,1441,$15841,2023-08-11,Africa,William Baker,Supermarkets
Drug B,Company X,Syrup,500 mg,30,1951,$18265,2024-06-02,Africa,Eugene Mccarthy MD,Hospitals
Drug B,Company Y,Cream,500 mg,100 ml,1017,$10342,2024-07-02,North America,Richard Day,Hospitals
Drug A,Company W,Syrup,250 mg,60,1287,$45058,2024-02-08,North America,Michael Freeman,Supermarkets
Drug B,Company Z,Tablet,10 mg,100 ml,1236,$48538,2024-07-02,South America,Dale Wright,Supermarkets
Drug E,Company Y,Capsule,10 mg,10 ml,1368,$6205,2024-03-18,North America,Stephanie Gutierrez,Online Pharmacy
Drug A,Company V,Capsule,100 mg/ml,100 ml,936,$10109,2024-03-24,Asia,Vincent Espinoza,Pharmacy
Drug C,Company V,Injection,500 mg,60,676,$37726,2023-12-24,Asia,Allen Cortez,Clinics
Drug E,Company Y,Injection,100 mg/ml,30,338,$11276,2023-09-08,Africa,Thomas Camacho,Supermarkets
Drug A,Company W,Capsule,500 mg,50 g,1131,$33794,2024-01-30,Asia,James Ryan,Supermarkets
Drug B,Company V,Cream,10 mg,100 ml,1415,$40903,2023-07-29,South America,Javier Gonzales DDS,Pharmacy
Drug C,Company Y,Capsule,250 mg,50 g,1737,$27260,2024-01-19,North America,Jessica Turner,Hospitals
Drug E,Company X,Syrup,50 mg,100 ml,689,$19199,2024-02-06,Africa,James Sanchez,Supermarkets
Drug D,Company W,Tablet,250 mg,30,961,$17111,2024-01-02,Europe,Christy Morgan,Clinics
Drug E,Company W,Tablet,250 mg,100 ml,523,$39012,2024-02-29,Africa,Lauren Gutierrez,Online Pharmacy
Drug C,Company W,Cream,100 mg/ml,100 ml,124,$17741,2023-11-01,North America,Jerry Fry,Hospitals
Drug B,Company Z,Injection,50 mg,100 ml,1579,$29112,2023-10-10,Asia,Lisa Powell,Online Pharmacy
Drug D,Company V,Injection,10 mg,30,465,$47839,2024-03-10,Europe,Gregory Wright,Pharmacy
Drug B,Company V,Tablet,500 mg,50 g,106,$16139,2024-04-30,Europe,Kenneth Torres,Clinics
Drug D,Company W,Cream,10 mg,100 ml,129,$33103,2023-12-12,Asia,Kathy Garza,Pharmacy
Drug C,Company V,Injection,100 mg/ml,30,179,$44121,2023-09-07,Asia,Ryan Taylor,Hospitals
Drug A,Company X,Capsule,500 mg,30,509,$10346,2024-03-18,Africa,Brenda Martin,Pharmacy
Drug A,Company Y,Injection,10 mg,60,1543,$28043,2024-03-16,South America,Robert Petersen,Supermarkets
Drug C,Company V,Cream,250 mg,100 ml,517,$39197,2024-01-03,South America,Gary Moon,Hospitals
Drug E,Company X,Syrup,50 mg,60,938,$27950,2024-01-13,Asia,Patricia Cowan,Clinics
Drug B,Company Z,Tablet,50 mg,60,1468,$33405,2024-05-07,Europe,Tina Hernandez,Pharmacy
Drug E,Company Z,Tablet,100 mg/ml,100 ml,1397,$14728,2024-02-28,Africa,Nathaniel Weiss,Online Pharmacy
Drug D,Company W,Cream,250 mg,10 ml,230,$44042,2024-01-02,North America,Timothy Frank,Online Pharmacy
Drug D,Company W,Tablet,100 mg/ml,60,498,$26954,2023-08-27,North America,William Allen,Online Pharmacy
Drug C,Company Z,Cream,50 mg,100 ml,1501,$49128,2023-10-31,South America,Corey Walsh,Supermarkets
Drug B,Company X,Syrup,50 mg,30,190,$40850,2024-01-09,Asia,April Parker,Supermarkets
Drug E,Company Y,Injection,10 mg,30,1984,$49839,2023-12-03,Europe,Sean Duncan,Clinics
Drug D,Company Y,Capsule,500 mg,50 g,1919,$29695,2024-01-14,South America,Brenda Bauer,Online Pharmacy
Drug B,Company Z,Capsule,500 mg,10 ml,655,$8141,2024-06-15,Asia,Austin Wright,Pharmacy
Drug D,Company W,Cream,100 mg/ml,30,935,$46285,2023-09-21,Asia,Amy Mitchell,Supermarkets
Drug E,Company W,Cream,50 mg,30,1565,$13345,2024-01-10,Africa,Michael Sanchez,Online Pharmacy
Drug B,Company Y,Tablet,100 mg/ml,50 g,769,$24713,2023-08-27,Europe,Mrs. Hayley Hunter MD,Supermarkets
Drug E,Company V,Capsule,250 mg,10 ml,1624,$13764,2023-09-11,Africa,Sandra Davis,Supermarkets
Drug A,Company W,Syrup,50 mg,60,676,$35872,2024-05-29,Europe,Joyce Travis,Online Pharmacy
Drug A,Company Y,Syrup,50 mg,50 g,906,$12431,2024-03-01,North America,Susan Ali,Clinics
Drug A,Company Y,Cream,50 mg,10 ml,1870,$4688,2024-03-15,South America,Lori Bass,Pharmacy
Drug A,Company W,Capsule,100 mg/ml,50 g,1810,$27443,2023-08-13,Europe,Michael Gray,Pharmacy
Drug B,Company X,Capsule,10 mg,60,427,$8379,2024-04-14,North America,Dr. Abigail Jackson,Clinics
Drug D,Company X,Injection,50 mg,100 ml,1340,$32355,2024-02-21,North America,Rebecca Harrison,Pharmacy
Drug C,Company V,Cream,50 mg,60,1084,$40033,2023-12-19,North America,Stacey Collins,Clinics
Drug C,Company W,Capsule,500 mg,60,1441,$5001,2024-02-16,Africa,Mr. Jacob Stokes DDS,Online Pharmacy
Drug E,Company X,Cream,500 mg,100 ml,1440,$35398,2024-07-28,South America,Lindsay Hall,Pharmacy
Drug A,Company Z,Syrup,100 mg/ml,100 ml,891,$27927,2023-10-12,North America,Mary Steele,Clinics
Drug A,Company X,Cream,100 mg/ml,30,1718,$27940,2023-09-06,Africa,Scott Bowers,Clinics
Drug D,Company X,Cream,50 mg,50 g,1367,$45734,2024-01-16,South America,Gabriella West,Pharmacy
Drug A,Company Y,Injection,100 mg/ml,100 ml,1899,$19924,2023-09-17,Asia,Allison Barker,Clinics
Drug E,Company Y,Tablet,500 mg,100 ml,824,$49294,2023-12-23,North America,Jeffery Tran,Clinics
Drug A,Company W,Cream,250 mg,100 ml,1964,$33741,2024-07-21,North America,Christopher Jones,Online Pharmacy
Drug B,Company W,Tablet,50 mg,50 g,1091,$46316,2024-04-21,Asia,Annette Snyder,Clinics
Drug A,Company Z,Tablet,100 mg/ml,10 ml,247,$35441,2023-10-07,South America,Erika Reed,Online Pharmacy
Drug D,Company V,Capsule,100 mg/ml,60,1598,$4074,2023-08-18,Europe,Daniel Lee,Hospitals
Drug A,Company X,Capsule,50 mg,50 g,679,$22164,2023-11-12,Africa,Nicholas Carey,Pharmacy
Drug E,Company V,Injection,250 mg,30,1521,$35865,2024-02-22,Europe,Teresa Lewis,Clinics
Drug C,Company W,Tablet,250 mg,60,347,$25965,2024-05-10,Africa,Alyssa Craig,Clinics
Drug A,Company Y,Injection,10 mg,100 ml,740,$37678,2024-06-30,Asia,Chris Wise,Clinics
Drug B,Company V,Tablet,100 mg/ml,60,872,$10189,2024-03-11,Asia,Keith Burton,Online Pharmacy
Drug E,Company Y,Cream,10 mg,10 ml,449,$18843,2024-04-24,South America,Susan Ellison,Pharmacy
Drug B,Company Z,Syrup,500 mg,100 ml,1835,$37032,2024-06-25,South America,Margaret Duncan,Clinics
Drug B,Company Y,Cream,10 mg,30,413,$38333,2024-06-13,Europe,Jennifer Nelson,Clinics
Drug D,Company V,Syrup,500 mg,30,913,$42870,2023-09-17,North America,Donna Peters,Clinics
Drug C,Company Z,Cream,250 mg,100 ml,1075,$45857,2024-03-04,Asia,Michael Palmer,Supermarkets
Drug D,Company X,Syrup,10 mg,30,1600,$21517,2024-06-22,South America,Daniel Collins,Hospitals
Drug B,Company W,Injection,250 mg,10 ml,576,$40961,2023-12-19,Asia,Ms. Alexis Robertson,Supermarkets
Drug A,Company V,Syrup,100 mg/ml,30,1265,$32484,2023-12-13,Africa,Stephen Reed,Pharmacy
Drug A,Company V,Cream,100 mg/ml,10 ml,529,$6114,2024-06-30,Africa,Joshua Hebert,Pharmacy
Drug A,Company V,Syrup,500 mg,100 ml,424,$36660,2023-11-15,North America,Anthony King,Pharmacy
Drug A,Company Z,Injection,50 mg,60,1902,$4193,2024-02-18,Asia,Amy Bentley,Online Pharmacy
Drug A,Company W,Injection,100 mg/ml,60,1560,$33167,2024-01-05,Asia,Lori Cole,Pharmacy
Drug E,Company Z,Capsule,10 mg,60,375,$13847,2023-09-11,South America,Jesse Choi,Clinics
Drug C,Company X,Cream,10 mg,10 ml,1663,$47873,2024-04-12,North America,Vanessa Watson,Clinics
Drug D,Company W,Cream,100 mg/ml,100 ml,997,$34888,2024-04-24,Europe,Brian Cole,Online Pharmacy
Drug A,Company W,Tablet,10 mg,60,1718,$35098,2023-11-09,South America,Joshua Johnson,Pharmacy
Drug E,Company Y,Injection,250 mg,10 ml,324,$15547,2024-02-14,South America,Anne Coleman,Supermarkets
Drug A,Company W,Tablet,500 mg,60,1929,$15465,2024-07-18,Asia,Melanie Mccoy DDS,Clinics
Drug D,Company Z,Injection,100 mg/ml,10 ml,1206,$44930,2024-02-04,Africa,William Blackburn,Online Pharmacy
Drug D,Company X,Capsule,10 mg,60,1937,$16796,2024-01-18,Europe,Alyssa Harvey,Hospitals
Drug D,Company Z,Cream,50 mg,100 ml,1705,$9606,2023-11-30,Asia,Jack Carpenter,Supermarkets
Drug C,Company X,Cream,250 mg,100 ml,938,$21278,2023-07-29,South America,Robert Gordon,Pharmacy
Drug B,Company V,Tablet,50 mg,100 ml,1566,$25494,2023-08-29,South America,Dawn Bryant,Online Pharmacy
Drug D,Company X,Injection,50 mg,30,1644,$23908,2023-12-26,South America,Darren Lowe,Supermarkets
Drug B,Company V,Injection,10 mg,30,765,$37749,2023-11-13,South America,Anna Page,Pharmacy
Drug D,Company Z,Syrup,100 mg/ml,50 g,946,$40826,2024-01-05,South America,Eric Wolf,Clinics
Drug D,Company V,Syrup,250 mg,60,399,$2187,2024-03-15,Asia,Leslie Chapman,Clinics
Drug A,Company W,Cream,250 mg,60,1193,$37828,2023-12-29,Africa,Margaret Davies,Pharmacy
Drug D,Company Y,Capsule,10 mg,100 ml,187,$42709,2024-04-05,North America,Nancy Woods,Hospitals
Drug B,Company Y,Syrup,10 mg,10 ml,1360,$35945,2023-09-08,Africa,Samuel Peterson,Pharmacy
Drug B,Company W,Injection,250 mg,60,872,$22950,2024-02-11,Europe,Donald Kennedy,Supermarkets
Drug B,Company X,Tablet,50 mg,100 ml,537,$44378,2023-09-21,Africa,Olivia Smith,Online Pharmacy
Drug E,Company Y,Cream,100 mg/ml,50 g,696,$49562,2024-02-20,South America,Gloria Curry,Online Pharmacy
Drug A,Company Y,Cream,50 mg,60,357,$35849,2024-05-06,North America,Rachel Donaldson,Online Pharmacy
Drug B,Company V,Syrup,250 mg,100 ml,1179,$43406,2023-12-25,Africa,Mark Johnston,Hospitals
Drug B,Company W,Capsule,100 mg/ml,10 ml,1352,$41492,2024-03-22,South America,Danny Porter,Hospitals
Drug B,Company Z,Tablet,250 mg,100 ml,1691,$17378,2024-05-27,South America,Tracy Russell,Clinics
Drug E,Company W,Capsule,50 mg,10 ml,680,$37383,2023-09-22,North America,Matthew Medina,Supermarkets
Drug E,Company Y,Syrup,50 mg,50 g,971,$22075,2023-11-18,Europe,Erin Molina,Pharmacy
Drug E,Company Y,Tablet,50 mg,50 g,1321,$26875,2024-04-28,South America,Ronald Owens,Clinics
Drug D,Company Z,Capsule,500 mg,100 ml,1134,$12807,2023-09-27,North America,Lori Russo,Pharmacy
Drug B,Company W,Injection,500 mg,100 ml,163,$36531,2024-04-13,North America,Katherine Doyle,Online Pharmacy
Drug C,Company V,Injection,250 mg,10 ml,641,$19362,2023-08-24,Asia,Matthew Thompson,Pharmacy
Drug C,Company X,Injection,100 mg/ml,100 ml,1114,$46343,2024-02-29,North America,Travis Goodman,Hospitals
Drug A,Company X,Tablet,500 mg,100 ml,1128,$25909,2023-08-23,North America,Emily Alexander,Clinics
Drug B,Company X,Syrup,100 mg/ml,100 ml,455,$19258,2023-12-24,North America,Susan Arroyo,Clinics
Drug C,Company Z,Capsule,50 mg,10 ml,1660,$1292,2023-12-25,North America,Douglas Holloway,Clinics
Drug C,Company X,Tablet,100 mg/ml,50 g,582,$6514,2024-06-06,South America,Christina Mata,Supermarkets
Drug A,Company W,Injection,100 mg/ml,60,716,$7865,2023-10-13,North America,Christopher Miranda,Hospitals
Drug E,Company X,Syrup,500 mg,50 g,200,$15045,2024-06-20,Europe,Ms. Olivia Murray,Supermarkets
Drug E,Company Y,Capsule,500 mg,30,151,$13928,2024-01-15,Europe,Kimberly Miller,Pharmacy
Drug D,Company Z,Injection,500 mg,60,1084,$10084,2023-10-26,North America,Thomas Tran,Online Pharmacy
Drug C,Company V,Injection,250 mg,60,369,$27023,2024-07-05,South America,Holly Jones,Clinics
Drug C,Company Y,Tablet,500 mg,30,1689,$42571,2023-09-02,North America,Joshua Jackson,Online Pharmacy
Drug D,Company Z,Capsule,250 mg,30,1435,$33459,2023-11-13,North America,Sara Sullivan,Hospitals
Drug E,Company Z,Injection,50 mg,50 g,433,$5852,2023-11-19,Asia,Jeffrey Bruce,Supermarkets
Drug A,Company Z,Cream,500 mg,50 g,425,$30089,2024-02-25,South America,Mark Newman,Pharmacy
Drug C,Company V,Tablet,50 mg,60,1331,$23249,2024-07-18,Europe,Michael Gonzalez,Clinics
Drug D,Company Y,Tablet,500 mg,50 g,700,$14747,2023-09-21,Asia,John Sloan,Online Pharmacy
Drug A,Company Z,Capsule,250 mg,60,1290,$26612,2023-08-04,Africa,Mark Phillips,Hospitals
Drug C,Company X,Tablet,10 mg,30,1697,$22505,2023-12-15,Asia,Kristina Shepard,Clinics
Drug B,Company Y,Capsule,50 mg,60,1435,$12698,2024-01-28,Asia,Paul Garcia,Supermarkets
Drug C,Company Y,Tablet,250 mg,50 g,676,$37974,2024-03-13,Asia,Colleen Proctor,Supermarkets
Drug E,Company V,Tablet,500 mg,10 ml,1529,$37893,2024-05-26,Europe,Frank Lara,Clinics
Drug C,Company V,Capsule,10 mg,10 ml,1904,$47774,2024-06-13,Africa,Richard Wilson,Pharmacy
Drug D,Company Y,Injection,100 mg/ml,60,274,$36990,2024-02-18,Europe,Christopher Sutton,Supermarkets
Drug B,Company Z,Cream,50 mg,10 ml,974,$13263,2024-07-12,Asia,Andrew Simpson,Clinics
Drug C,Company Y,Syrup,100 mg/ml,30,1169,$30037,2024-04-17,Asia,Heather Butler,Online Pharmacy
Drug C,Company Y,Capsule,500 mg,10 ml,1922,$30322,2023-10-23,Asia,Suzanne Hopkins DVM,Supermarkets
Drug B,Company V,Syrup,100 mg/ml,60,1656,$2052,2024-07-19,Europe,Spencer Bird,Hospitals
Drug D,Company V,Tablet,500 mg,30,999,$1790,2024-06-11,Europe,John Weaver,Pharmacy
Drug D,Company Y,Cream,500 mg,10 ml,1027,$5568,2024-03-17,Europe,Anthony Mclean MD,Online Pharmacy
Drug C,Company Z,Tablet,250 mg,100 ml,202,$35739,2024-03-19,Asia,Wendy Shepherd,Supermarkets
Drug C,Company Y,Capsule,100 mg/ml,100 ml,868,$39318,2024-03-05,North America,Erica Patterson,Supermarkets
Drug C,Company Z,Cream,100 mg/ml,30,783,$7230,2023-08-07,North America,Justin Li,Pharmacy
Drug A,Company Y,Tablet,100 mg/ml,60,624,$39173,2024-03-27,Europe,George Reyes,Pharmacy
Drug A,Company Z,Tablet,50 mg,30,144,$31678,2024-02-02,South America,Stephen Day DDS,Online Pharmacy
Drug B,Company X,Injection,50 mg,10 ml,1705,$3950,2024-02-02,North America,James Roberson,Pharmacy
Drug A,Company Y,Injection,50 mg,100 ml,1435,$11503,2024-01-29,North America,Tanya Thompson,Pharmacy
Drug D,Company Y,Tablet,50 mg,50 g,1882,$23935,2023-10-16,North America,Allison Bennett,Clinics
Drug C,Company W,Injection,100 mg/ml,100 ml,1018,$42507,2024-07-13,Europe,Adam Jones,Hospitals
Drug E,Company V,Capsule,500 mg,100 ml,1895,$40085,2023-10-19,North America,Monique Morton,Hospitals
Drug C,Company X,Cream,250 mg,50 g,634,$27518,2023-08-31,South America,Audrey Neal,Pharmacy
Drug B,Company Z,Capsule,100 mg/ml,50 g,598,$44610,2023-08-01,North America,Scott Williams,Supermarkets
Drug A,Company Y,Injection,50 mg,60,1619,$35793,2024-07-15,North America,Darryl Rivera,Online Pharmacy
Drug B,Company X,Syrup,100 mg/ml,100 ml,359,$36979,2023-12-06,North America,Molly Adams,Clinics
Drug E,Company Y,Cream,50 mg,100 ml,1502,$12221,2023-11-24,Europe,Michele Vance,Clinics
Drug C,Company W,Tablet,250 mg,30,1552,$11238,2024-04-26,Asia,John Anthony,Online Pharmacy
Drug C,Company W,Capsule,50 mg,10 ml,1152,$39119,2024-04-26,North America,Joseph Smith,Clinics
Drug A,Company X,Syrup,100 mg/ml,60,996,$46219,2023-08-06,Africa,Mary Hanson,Pharmacy
